Index,Displacement,Force,Time
327,0,2.0802,0
328,0.000562000000000007,10.5757,0.200074999999742
329,0.001637,50.7249,0.399965999999949
330,0.00207600000000002,95.734,0.599940000000061
331,0.00825000000000001,135.7937,0.799966999999924
332,0.017994,154.8812,0.999979000000167
333,0.027783,154.7005,1.19990299999972
334,0.033682,154.692,1.39996100000008
335,0.032783,154.7998,1.59996700000011
336,0.03347,154.7748,1.80003399999987
337,0.033128,154.6377,1.99998800000049
338,0.03282,154.5992,2.20001899999988
339,0.032772,154.6485,2.39996100000008
340,0.032393,154.4724,2.60002299999996
341,0.033237,154.4773,2.79999700000008
342,0.033801,154.3518,3.00003900000047
343,0.034242,154.3993,3.2000079999998
344,0.033928,154.2561,3.40003500000057
345,0.033057,154.0139,3.59999200000038
346,0.032322,154.0661,3.8000149999998
347,0.03319,153.9428,4.00000400000044
348,0.032859,154.0434,4.20000100000016
349,0.03271,153.782,4.40004099999987
350,0.03268,153.8671,4.59999100000005
351,0.034063,153.9396,4.8000090000005
352,0.033087,153.833,5.00004400000034
353,0.032728,153.8969,5.20001700000012
354,0.032986,153.7635,5.40005500000007
355,0.032756,153.7748,5.60000500000024
356,0.031596,153.7788,5.80009100000007
357,0.033609,153.7737,5.9999829999997
358,0.033305,153.583,6.20003700000052
359,0.033347,153.3976,6.40003100000013
360,0.033065,153.3398,6.59994999999981
361,0.03249,153.3266,6.79998799999976
362,0.033149,153.2652,6.99998899999991
363,0.033876,153.242,7.19992400000046
364,0.033536,153.0153,7.39991800000007
365,0.033403,152.9097,7.60001699999975
366,0.033173,152.9365,7.80005600000004
367,0.034085,152.9314,8.00001200000042
368,0.032337,152.822,8.20002399999976
369,0.033473,152.7776,8.4000560000004
370,0.033398,152.6168,8.59997600000042
371,0.033061,152.6595,8.80004699999972
372,0.03339,152.6629,9.00005099999998
373,0.033492,152.5178,9.20002900000054
374,0.033559,150.7494,15.0000360000004
375,0.033092,150.8429,15.2000170000001
376,0.033258,150.8344,15.4000610000003
377,0.03189,150.8349,15.5999940000002
378,0.032634,150.7065,15.7999980000004
379,0.033736,150.8349,16.000043
380,0.031835,150.6349,16.1999660000001
381,0.032685,150.6108,16.400044
382,0.032477,150.505,16.599999
383,0.032965,150.5754,16.7999980000004
384,0.032218,150.4269,16.9999820000003
385,0.034969,150.4333,17.2000379999999
386,0.033034,150.4899,17.3999549999999
387,0.032801,150.6063,17.60005
388,0.032477,150.6039,17.7999289999998
389,0.033005,150.5986,18.0000390000005
390,0.030889,150.6627,18.2000260000004
391,0.030768,150.5831,18.4000420000002
392,0.028518,150.6191,18.6000210000002
393,0.032527,150.8216,18.7999970000001
394,0.032726,150.6961,19.0000040000004
395,0.033907,150.6352,19.1999889999997
396,0.033031,150.7607,19.4000130000004
397,0.031865,150.7284,19.5999739999997
398,0.032113,150.6675,19.8000419999998
399,0.032529,150.586,19.9999390000003
400,0.032159,150.6667,20.2000550000002
401,0.032514,150.6482,20.3999810000005
402,0.033093,150.6237,20.5999840000004
403,0.032078,150.6285,20.8000540000003
404,0.033491,150.6396,21.0000559999999
405,0.031591,150.5376,21.2000120000002
406,0.033971,150.5353,21.3999350000004
407,0.033903,150.5596,21.5999419999998
408,0.03249,150.4305,21.7999920000002
409,0.033271,150.3579,22.0000620000001
410,0.033373,150.1721,22.1999930000002
411,0.031362,150.1251,22.4000139999998
412,0.033734,149.9738,22.6000000000004
413,0.031631,150.1105,22.799943
414,0.03328,150.0557,22.9999980000002
415,0.03351,149.9061,23.2000710000002
416,0.032172,150.0379,23.3999880000001
417,0.033006,149.9532,23.6000110000004
418,0.032225,149.8917,23.7999380000001
419,0.032227,149.7351,23.9998940000005
420,0.032856,149.5686,24.200022
421,0.032529,149.5338,24.400001
422,0.032716,149.391,24.6000210000002
423,0.032314,149.5049,24.8000069999998
424,0.032901,149.2976,25.000035
425,0.031878,149.3849,25.199979
426,0.03202,149.3535,25.3999810000005
427,0.032918,149.3793,25.6000810000005
428,0.032376,149.33,25.800072
429,0.031763,149.2327,25.9999910000006
430,0.032158,149.2333,26.2000079999998
431,0.032341,149.2077,26.400009
432,0.034302,149.2259,26.6000549999999
433,0.030378,148.9339,26.8000149999998
434,0.032012,148.9788,26.9999720000005
435,0.032252,149.0089,27.2000479999997
436,0.031901,148.8633,27.3999780000004
437,0.032394,148.9884,27.5999929999998
438,0.031946,149.0229,27.8000380000003
439,0.030645,148.9925,27.9999870000001
440,0.032932,148.8898,28.2000230000003
441,0.033107,148.8042,28.4000530000003
442,0.033204,148.8442,28.5999650000003
443,0.032028,148.712,28.8000330000004
444,0.03224,148.6317,29.0000179999997
445,0.031675,148.4203,29.2000269999999
446,0.032463,148.4785,29.3999789999998
447,0.032289,148.392,29.5999460000003
448,0.032232,148.3755,29.7999930000005
449,0.033345,148.284,29.9999470000002
450,0.033118,148.2277,30.200073
451,0.032778,148.1331,30.4000109999997
452,0.03202,148.1085,30.6000100000001
453,0.033066,148.1313,30.7999900000004
454,0.032545,148.009,31.0000019999998
455,0.032879,148.0674,31.2000230000003
456,0.032213,148.0203,31.3999800000001
457,0.032803,148.0303,31.6000110000004
458,0.031974,147.9884,31.8000430000002
459,0.031791,147.9245,32.0000070000006
460,0.031985,147.8848,32.2000429999998
461,0.032204,147.8585,32.4000430000006
462,0.032409,147.8932,32.5999579999998
463,0.032661,147.8145,32.7999410000002
464,0.032848,147.8001,33.0000049999999
465,0.032382,147.6831,33.2000360000002
466,0.032391,147.6586,33.3999890000005
467,0.032366,147.676,33.5999980000006
468,0.032685,147.6708,33.7999770000006
469,0.032602,147.6271,34.0000150000005
470,0.032652,147.5074,34.1999649999998
471,0.03208,147.4369,34.4000080000005
472,0.032222,147.3843,34.5999739999997
473,0.031817,147.2747,34.7999449999998
474,0.032019,147.3124,35.0000250000003
475,0.031796,147.2333,35.2000399999997
476,0.032646,147.211,35.4000249999999
477,0.033134,147.0856,35.5999899999997
478,0.03294,146.9195,35.7999740000005
479,0.033185,146.9878,36.0000300000002
480,0.032197,146.8648,36.2000820000003
481,0.031908,146.8465,36.4000299999998
482,0.033123,146.8494,36.5999819999997
483,0.032199,146.7516,36.8000229999998
484,0.033196,146.718,37.0000669999999
485,0.03274,146.6753,37.1999940000005
486,0.033155,146.6608,37.4000249999999
487,0.032229,146.4778,37.5999190000002
488,0.032843,146.4807,37.8000300000003
489,0.033354,146.4526,38.0000559999999
490,0.031916,146.5184,38.199987
491,0.031939,146.419,38.3999759999997
492,0.032671,146.3373,38.5999600000005
493,0.033299,146.4127,38.8000039999997
494,0.031173,146.4862,39.0000410000002
495,0.03277,146.4408,39.2000210000006
496,0.03306,146.3476,39.3999899999999
497,0.031922,146.3117,39.5999950000005
498,0.033286,146.2415,39.7999829999999
499,0.030867,146.1597,39.9999619999999
500,0.031431,146.2381,40.1999470000001
501,0.03205,146.071,40.3999700000004
502,0.033101,146.1185,40.6000570000006
503,0.032314,146.1426,40.8000080000002
504,0.031426,145.9037,41.0000289999998
505,0.033308,145.8841,41.2000589999998
506,0.033074,145.855,41.4000070000002
507,0.033195,145.7069,41.6000549999999
508,0.032596,145.5168,41.7999369999998
509,0.032355,145.5649,42.0000070000006
510,0.031982,145.4206,42.2000239999998
511,0.031499,145.3556,42.4000249999999
512,0.032174,145.2865,42.6000949999998
513,0.032052,145.1574,42.8001030000005
514,0.032222,145.1971,43.0000609999997
515,0.032514,145.0099,43.2001630000004
516,0.03249,144.9109,43.4000329999999
517,0.032119,144.7878,43.6000629999999
518,0.031975,144.9089,43.800099
519,0.031915,144.7899,44.0000950000003
520,0.033039,144.7169,44.2001209999999
521,0.03224,144.6006,44.4000350000006
522,0.032188,144.6702,44.6000000000004
523,0.032009,144.611,44.8001060000006
524,0.031859,144.6021,45.0001030000003
525,0.031796,144.5208,45.2000749999997
526,0.032071,144.453,45.399977
527,0.031748,144.4778,45.6000770000001
528,0.031538,144.4918,45.7999749999999
529,0.03189,144.4875,45.9999950000001
530,0.032013,144.4762,46.1999610000003
531,0.031744,144.3745,46.4000390000001
532,0.032039,144.4647,46.599972
533,0.031748,144.4055,46.7999920000002
534,0.031587,144.4665,47.0000230000005
535,0.032053,144.4146,47.2000049999997
536,0.031807,144.2417,47.4000500000002
537,0.031802,144.1769,47.5999739999997
538,0.031925,144.0584,47.7999689999997
539,0.031959,144.0253,47.9999740000003
540,0.031727,144.0501,48.2000440000002
541,0.031817,143.8623,48.3999400000002
542,0.031699,143.9605,48.6000039999999
543,0.031463,143.942,48.7999840000002
544,0.031358,143.8571,48.9999340000004
545,0.03239,143.8694,49.2000829999997
546,0.031707,143.9078,49.3999300000005
547,0.031215,144.0635,49.5999929999998
548,0.031029,143.7585,49.8000309999998
549,0.030564,143.903,50.0000070000006
550,0.030978,143.8978,50.200022
551,0.031939,143.6784,50.3999670000003
552,0.031721,143.8214,50.5999970000003
553,0.031546,143.7538,50.8000300000003
554,0.032043,143.6552,50.9999710000002
555,0.03175,143.6773,51.2000840000001
556,0.031974,143.53,51.4000050000004
557,0.031663,143.5229,51.5999030000003
558,0.031188,143.4623,51.7999850000006
559,0.031225,143.4785,51.9999740000003
560,0.031076,143.4502,52.2000600000001
561,0.030988,143.3604,52.3999320000003
562,0.030896,143.381,52.5999330000004
563,0.031462,143.2235,52.8000000000002
564,0.030951,143.2048,52.9999640000005
565,0.030547,143.193,53.2000159999998
566,0.03086,143.1823,53.4000000000005
567,0.03098,143.1191,53.599972
568,0.031809,143.0892,53.7999930000005
569,0.031788,142.9906,53.9999690000004
570,0.03143,143.162,54.2000669999998
571,0.031214,143.1019,54.3999910000002
572,0.031118,142.9499,54.6000240000003
573,0.031473,142.9758,54.7999950000003
574,0.032774,142.8621,54.9999429999998
575,0.031924,142.6865,55.2000589999998
576,0.030488,142.6754,55.3999329999997
577,0.031859,142.5989,55.6000800000002
578,0.032331,142.5667,55.8000099999999
579,0.034044,142.426,55.9999299999999
580,0.032095,142.5358,56.2001
581,0.032127,142.4275,56.4000150000002
582,0.031325,142.4433,56.5999550000006
583,0.032038,142.5396,56.8000220000004
584,0.031718,142.3598,57.0000369999998
585,0.03195,142.3009,57.1999720000003
586,0.031892,142.2365,57.3999599999997
587,0.031763,142.2731,57.5999860000002
588,0.031944,142.1936,57.7999760000002
589,0.03153,142.2814,57.9999299999999
590,0.032491,142.2631,58.2000020000005
591,0.031408,142.3242,58.4000649999998
592,0.0321,142.2385,58.6000359999998
593,0.031444,142.2175,58.7999879999998
594,0.031584,142.0917,59.0000209999998
595,0.032139,142.1843,59.2000170000001
596,0.031501,142.0558,59.3999140000005
597,0.031418,142.1022,59.600015
598,0.031244,142.1238,59.8000400000001
599,0.031428,142.0004,60.0000070000006
600,0.031166,142.0016,60.2000509999998
601,0.031416,141.8958,60.3999890000005
602,0.030937,141.8787,60.5999879999999
603,0.032264,141.6988,60.7999920000002
604,0.031971,141.5601,61.0000129999999
605,0.032283,141.6449,61.20003
606,0.032825,141.6322,61.4000640000004
607,0.032217,141.5399,61.6000960000001
608,0.030852,141.3046,61.8000069999998
609,0.031794,141.3112,62.0000060000002
610,0.031327,141.2769,62.1999919999998
611,0.031435,141.1133,62.3999659999999
612,0.031549,141.0983,62.5999840000004
613,0.031332,141.0589,62.8000540000003
614,0.031871,141.0012,62.9999280000002
615,0.031713,141.009,63.2000500000004
616,0.03169,140.9863,63.399977
617,0.031289,140.9325,63.5999870000005
618,0.031719,140.919,63.8000259999999
619,0.032065,140.9018,64.0000060000002
620,0.030941,140.9757,64.199963
621,0.030985,140.8666,64.4000020000003
622,0.031473,140.8137,64.6000380000005
623,0.031761,140.8314,64.8000330000004
624,0.031285,140.6917,65.0000540000001
625,0.031375,140.4836,65.2000010000002
626,0.031007,140.436,65.4000649999998
627,0.031863,140.3585,65.6000739999999
628,0.03061,140.3824,65.8000170000005
629,0.030731,140.321,66.0000369999998
630,0.032102,140.459,66.199944
631,0.03063,140.5705,66.3999860000004
632,0.030981,140.5358,66.6000650000005
633,0.030443,140.4992,66.8000510000002
634,0.031372,140.3919,66.999992
635,0.032151,140.4117,67.2001019999998
636,0.02997,140.4045,67.3999830000002
637,0.03112,140.4905,67.6000089999998
638,0.029742,140.5594,67.8000460000003
639,0.031988,140.4339,67.9999749999997
640,0.029823,140.3391,68.1999649999998
641,0.031552,140.3821,68.4000700000006
642,0.030899,140.4989,68.5999790000005
643,0.031577,140.5286,68.8000060000004
644,0.031204,140.5421,68.9999800000005
645,0.030672,140.6509,69.1999370000003
646,0.030062,140.7008,69.3999400000002
647,0.030051,140.7092,69.5999170000005
648,0.031119,140.8257,69.8000360000005
649,0.032396,140.8621,70.0000559999999
650,0.031496,140.9142,70.60005
651,0.030904,140.965,72.6000860000004
652,0.031818,140.8212,74.6000940000004
653,0.031798,140.3555,76.6000670000003
654,0.030474,139.9171,78.5999490000004
655,0.031444,139.4275,80.5999579999998
656,0.030575,139.0327,82.5999760000004
657,0.03127,138.8532,84.6000020000001
658,0.030882,138.8237,86.5999579999998
659,0.031171,138.5127,88.6000409999997
660,0.029127,138.4151,90.6000320000003
661,0.03154,138.477,92.5999460000003
662,0.029631,138.7152,94.600042
663,0.031963,138.6185,96.6000249999997
664,0.02944,138.5099,98.5999339999998
665,0.030418,138.2615,100.599993
666,0.030917,137.6242,102.599992
667,0.030197,137.0137,104.600097
668,0.030457,136.7643,106.599992
669,0.030044,136.2472,108.60001
670,0.030055,135.5075,110.599935
671,0.029907,134.7577,112.6
672,0.029678,134.428,114.6
673,0.02981,134.1078,116.60002
674,0.028973,133.6643,118.599961
675,0.027251,133.2888,120.599982
676,0.029396,133.2575,122.599951
677,0.028609,132.8626,124.599971000001
678,0.029898,132.3477,126.59999
679,0.029055,131.9058,128.600033
680,0.0287,131.4097,130.599996
681,0.029055,130.938,132.599992
682,0.028888,130.6484,134.600044
683,0.029358,130.0985,136.600086
684,0.029705,129.7067,138.600014000001
685,0.02965,129.4532,140.600062
686,0.029164,128.7813,142.600005
687,0.028848,128.1573,144.599975
688,0.028321,127.9837,146.600032
689,0.028552,127.7163,148.600032
690,0.02925,127.7514,150.600030000001
691,0.028672,127.1247,152.600011
692,0.028678,126.8262,154.599979000001
693,0.028276,126.6473,156.599973
694,0.02881,126.4405,158.599983
695,0.028722,126.3799,160.599998000001
696,0.028927,126.1039,162.600052
697,0.028321,126.3848,164.60007
698,0.028436,125.8639,166.600030000001
699,0.028322,125.599,168.600038
700,0.028197,125.7057,170.600094
701,0.027946,125.448,172.599974
702,0.028464,125.0579,174.599985
703,0.027854,124.6637,176.599977
704,0.027779,124.0186,178.599917
705,0.027946,123.6384,180.599982
706,0.027105,123.1389,182.600025
707,0.027835,122.7103,184.599989
708,0.027224,122.0422,186.600023
709,0.028111,121.7274,188.599914
710,0.027454,121.462,190.599905
711,0.028687,121.3214,192.599963000001
712,0.028014,120.8929,194.599976
713,0.026945,120.3314,196.599981
714,0.026716,120.0404,198.600034
715,0.026338,119.9966,200.600018
716,0.027329,119.6878,202.600008
717,0.027152,119.2504,204.600006000001
718,0.026786,119.1023,206.59995
719,0.026434,118.9234,208.599978
720,0.026914,118.2783,210.599928000001
721,0.027135,117.7852,212.599974
722,0.027297,117.3327,214.600008
723,0.027719,116.8418,216.6
724,0.026726,116.3763,218.599987000001
725,0.027004,115.9448,220.599986
726,0.026314,115.5214,222.600115
727,0.026178,115.4711,224.599928000001
728,0.025444,115.3283,226.599932
729,0.025791,115.1248,228.600133
730,0.026519,114.8921,230.600006000001
731,0.026284,114.6486,232.600004
732,0.027194,114.3437,234.599956
733,0.02723,113.88,236.599987000001
734,0.026557,113.543,238.599973
735,0.026722,113.4683,240.600061
736,0.025584,113.0432,242.599974
737,0.026545,112.5396,244.60004
738,0.026432,111.9586,246.599984
739,0.025593,111.7099,248.599957
740,0.026785,111.0568,250.599961
741,0.026258,110.8001,252.599996
742,0.026123,110.8025,254.600037
743,0.025699,110.5354,256.599955000001
744,0.026578,110.3666,258.59999
745,0.026323,110.0837,260.600036
746,0.025,109.9879,262.600012
747,0.025903,109.9034,264.600052
748,0.025685,109.9629,266.599943
749,0.025955,109.6584,268.599891
750,0.024814,109.2481,270.599966
751,0.026298,108.8986,272.599979000001
752,0.025508,108.5758,274.599937
753,0.02414,107.9949,276.600006000001
754,0.025566,107.6847,278.599954
755,0.025388,107.3317,280.599947
756,0.025182,106.9229,282.599969
757,0.025265,106.8677,284.599988
758,0.024884,106.1484,286.599971000001
759,0.025507,105.698,288.599939
760,0.024785,105.5891,290.600085
761,0.024094,105.5151,292.599964
762,0.024826,105.2993,294.599965
763,0.024472,104.6952,296.599949
764,0.02316,104.4752,298.599985
765,0.022682,104.3097,300.600027
766,0.025161,104.2969,302.600008
767,0.024405,103.9343,304.600048
768,0.023526,103.6774,306.599967
769,0.023145,103.4176,308.599988
770,0.025253,103.4127,310.599993
771,0.024239,103.0727,312.600006000001
772,0.02389,102.7056,314.599999
773,0.023422,102.3176,316.599951
774,0.023266,101.9258,318.599953
775,0.023787,101.8436,320.600105
776,0.024336,101.3472,322.60002
777,0.023874,100.9759,324.599952
778,0.023982,100.9033,326.600022000001
779,0.023387,101.067,328.599994
780,0.024043,101.1734,330.599993
781,0.024389,101.251,332.60001
782,0.024414,100.9008,334.599899
783,0.022862,100.8191,336.600009
784,0.023376,100.5333,338.599927
785,0.024768,100.0493,340.599933
786,0.024184,99.8019,342.599956
787,0.024266,99.4444,344.600048
788,0.023986,99.111,346.599938
789,0.022091,98.7354,348.600048
790,0.023883,98.159,350.600003
791,0.022891,98.1028,352.600004
792,0.023518,98.0589,354.599984
793,0.023254,97.4373,356.599977
794,0.023445,97.0321,358.599986
795,0.023203,96.534,360.600027
796,0.02272,96.326,362.599985
797,0.023787,96.055,364.600046
798,0.022934,95.761,366.59997
799,0.023375,95.1247,368.600014000001
800,0.022822,94.885,370.600019
801,0.02292,94.4208,372.60011
802,0.022288,94.2084,374.599983
803,0.021499,94.0294,376.600052
804,0.022499,93.7777,378.599977
805,0.022735,93.5128,380.600025
806,0.023034,93.218,382.59996
807,0.022105,92.8015,384.600064
808,0.021836,92.4256,386.600031
809,0.0208,91.7205,388.600006000001
810,0.022944,91.422,390.600079
811,0.021645,91.331,392.599991
812,0.02205,90.7585,394.600016
813,0.022053,90.9599,396.600022000001
814,0.021814,90.8951,398.59997
815,0.021892,90.8131,400.600033
816,0.021189,90.37,402.599999
817,0.021423,89.9876,404.600009
818,0.021079,89.4686,406.599986
819,0.020205,89.1491,408.600001
820,0.021235,89.0431,410.59997
821,0.021541,88.7398,412.600142
822,0.021832,88.5162,414.600093
823,0.021458,88.2928,416.600002
824,0.020652,88.1272,418.599905
825,0.022983,87.6787,420.600053
826,0.020764,87.3143,422.599952
827,0.02192,86.8384,424.599968
828,0.020532,86.7953,426.599992
829,0.020679,86.6019,428.6
830,0.020811,86.4305,430.600027
831,0.020888,86.3742,432.599969
832,0.020609,86.0426,434.599998000001
833,0.019715,85.7088,436.599968
834,0.022846,85.4306,438.600008
835,0.020667,85.5565,440.599999
836,0.020582,85.2505,442.59996
837,0.020554,84.8763,444.600092000001
838,0.020427,84.4528,446.599968
839,0.020432,84.2873,448.599978
840,0.020449,84.021,450.599927
841,0.021364,83.6644,452.599972
842,0.020337,83.7204,454.599957
843,0.020056,83.9197,456.599964
844,0.021168,83.5524,458.599992
845,0.021204,83.0053,460.600012
846,0.020528,82.4034,462.599972
847,0.020449,81.9523,464.599912000001
848,0.019872,81.8524,466.600030000001
849,0.019933,81.9425,468.600016
850,0.020041,81.5815,470.600045
851,0.020124,81.4005,472.599969
852,0.020342,80.9757,474.600032
853,0.01926,80.5379,476.600041
854,0.019934,79.8847,478.599939
855,0.019229,79.747,480.599977
856,0.020319,79.4122,482.599957
857,0.02009,79.4395,484.600009
858,0.019027,78.9655,486.599965
859,0.019931,78.6152,488.599961
860,0.019571,78.2631,490.600065000001
861,0.020305,78.4248,492.599967
862,0.019472,77.9263,494.599976
863,0.019307,77.6123,496.600004
864,0.019354,77.5647,498.600022000001
865,0.018922,77.1861,500.600002
866,0.018751,76.8271,502.599963000001
867,0.019175,76.5493,504.599988
868,0.019798,76.354,506.600079
869,0.018614,76.2388,508.59994
870,0.019124,75.8124,510.60005
871,0.019717,75.476,512.600065000001
872,0.017248,74.9365,514.600007
873,0.01931,74.9163,516.599988
874,0.018958,74.6345,518.600026
875,0.019373,74.288,520.599954
876,0.018285,74.0588,522.599998000001
877,0.018087,73.9132,524.59994
878,0.01862,73.828,526.600005
879,0.018525,73.8476,528.600013
880,0.018971,73.9704,530.599997
881,0.017487,73.4558,532.60005
882,0.017685,73.0734,534.600024
883,0.01851,72.8775,536.60008
884,0.017659,73.1107,538.600049000001
885,0.018191,73.0069,540.600035
886,0.018357,72.6444,542.599953
887,0.016986,72.3967,544.599986
888,0.019016,71.9839,546.599973
889,0.018505,71.9016,548.599977
890,0.017417,71.709,550.600067
891,0.018603,71.5722,552.600005
892,0.017554,71.2096,554.599962
893,0.018464,70.8848,556.600015
894,0.018274,70.3707,558.600168
895,0.017513,69.8328,560.600034
896,0.017619,69.618,562.599997
897,0.017588,69.3888,564.599978
898,0.017231,68.8552,566.600006000001
899,0.017929,68.2195,568.600109
900,0.017458,67.7283,570.600052
901,0.017419,67.5312,572.600055
902,0.017203,67.5837,574.599988
903,0.017549,67.1846,576.600012
904,0.01711,66.8111,578.599957
905,0.017418,66.3891,580.600039
906,0.017751,65.7382,582.599949
907,0.017982,65.3511,584.600175
908,0.016642,65.2515,586.600207
909,0.016301,64.7753,588.599982
910,0.017779,64.6835,590.600163999999
911,0.016516,64.4402,592.599988
912,0.01678,64.1215,594.599983
913,0.016447,63.8102,596.600012999999
914,0.016923,63.6921,598.600044000001
915,0.016374,63.359,600.599999
916,0.015804,62.8357,602.600124000001
917,0.016184,62.2899,604.600012999999
918,0.016159,62.2323,606.59995
919,0.015999,62.0805,608.599971
920,0.015708,61.8564,610.59996
921,0.016436,61.7419,612.600033000001
922,0.016609,61.8371,614.599945
923,0.01601,61.6144,616.599991999999
924,0.015668,61.4328,618.599917
925,0.016885,61.4636,620.600034000001
926,0.015628,61.3281,622.600023000001
927,0.016222,61.0233,624.600017000001
928,0.016072,60.6659,626.599958000001
929,0.016637,60.3084,628.600002000001
930,0.015574,60.004,630.600025
931,0.016211,59.8105,632.600003
932,0.014634,60.2235,634.599969999999
933,0.015414,59.9161,636.599982
934,0.017825,59.6248,638.600009
935,0.016238,59.8114,640.600007999999
936,0.016417,59.8186,642.599920000001
937,0.014929,59.4161,644.600157999999
938,0.015101,59.1499,646.599978
939,0.015109,58.7875,648.60003
940,0.015859,58.3467,650.599978
941,0.015537,58.0528,652.600034000001
942,0.014717,57.7501,654.600063
943,0.016017,57.2764,656.600007000001
944,0.015295,57.0539,658.599987
945,0.015007,56.5824,660.600069
946,0.015329,56.4668,662.599969000001
947,0.015291,56.2652,664.60001
948,0.015174,55.974,666.600043
949,0.015303,55.451,668.599958000001
950,0.01445,55.0589,670.600034000001
951,0.013331,54.5909,672.600004
952,0.014971,54.3672,674.600016
953,0.014632,53.782,676.600022000001
954,0.015512,53.3386,678.600006000001
955,0.014938,52.9609,680.600039000001
956,0.014395,52.5581,682.600077999999
957,0.014068,52.3608,684.600007999999
958,0.014611,52.1004,686.600014
959,0.013516,51.7752,688.599972
960,0.014096,51.4251,690.599914
961,0.014737,50.9204,692.600009
962,0.014247,50.6178,694.600007000001
963,0.014231,50.513,696.600082999999
964,0.014541,50.5761,698.599894000001
965,0.013675,50.3547,700.599956
966,0.01435,50.495,702.60014
967,0.013499,50.5405,704.599974000001
968,0.014184,50.4613,706.600027
969,0.013369,50.3731,708.600087000001
970,0.014086,50.3728,710.599967
971,0.014291,50.2332,712.600001000001
972,0.012925,50.442,714.600050999999
973,0.013873,50.8726,716.599994
974,0.012524,51.1043,718.600025
975,0.013877,50.7623,720.60003
976,0.014084,50.0763,722.60008
977,0.014014,49.7104,724.600059
978,0.011968,49.2279,726.600044000001
979,0.013027,48.7609,728.599926999999
980,0.012618,48.3376,730.599995
981,0.012985,47.7456,732.599969000001
982,0.012496,48.0643,734.599939
983,0.013054,47.673,736.600039000001
984,0.013426,47.8321,738.600004
985,0.014036,48.1268,740.599926000001
986,0.013758,48.0135,742.599994
987,0.012632,47.8053,744.599999
988,0.014019,47.4601,746.599953999999
989,0.013049,46.9947,748.599996999999
990,0.013247,46.3632,750.600088000001
991,0.013367,45.674,752.600163999999
992,0.01298,45.3731,754.599980999999
993,0.013291,45.5175,756.600007999999
994,0.013723,45.1026,758.599967
995,0.01456,45.2851,760.600023999999
996,0.012429,45.0169,762.599953000001
997,0.01315,44.5067,764.599951
998,0.012849,43.9402,766.600034999999
999,0.012221,43.9298,768.599874
1000,0.012996,43.8782,770.599969000001
1001,0.01248,44.2409,772.599991999999
1002,0.012935,45.1289,774.599972
1003,0.011793,46.0523,776.599983
1004,0.013515,46.4461,778.600041
1005,0.012698,46.109,780.60002
1006,0.012373,45.8713,782.600076000001
1007,0.012677,45.1875,784.600184000001
1008,0.012741,45.1546,786.599974000001
1009,0.01198,44.6177,788.599982
1010,0.012343,44.1128,790.600028999999
1011,0.012274,43.6182,792.599953000001
1012,0.012293,42.8495,794.599988
1013,0.012905,42.3051,796.599967
1014,0.011254,41.7514,798.599963000001
1015,0.012144,41.1895,800.600041
1016,0.011935,40.9409,802.600127
1017,0.011736,40.8026,804.599988
1018,0.012444,40.1793,806.599993
1019,0.011896,39.731,808.599976
1020,0.012213,39.7464,810.600141999999
1021,0.012319,39.2993,812.60002
1022,0.011999,38.7724,814.600123
1023,0.011152,38.2908,816.599952
1024,0.011674,37.4891,818.600048
1025,0.011206,37.0573,820.600023999999
1026,0.011422,36.7606,822.600014
1027,0.010847,36.3241,824.600023000001
1028,0.01111,36.0984,826.600049000001
1029,0.011239,35.8882,828.599935
1030,0.00951100000000002,35.3501,830.599959000001
1031,0.010653,35.3642,832.600034999999
1032,0.010846,35.316,834.599991000001
1033,0.010059,34.647,836.599978
1034,0.010205,34.6021,838.600062
1035,0.010369,34.3077,840.599980999999
1036,0.010673,33.9569,842.60001
1037,0.00974800000000001,34.0907,844.600133
1038,0.00920000000000001,33.8144,846.60008
1039,0.010676,33.2984,848.59995
1040,0.010107,32.8857,850.599931000001
1041,0.009574,32.2823,852.599973
1042,0.010442,31.7374,854.600085
1043,0.010593,31.1533,856.599945
1044,0.011418,31.3367,858.600027
1045,0.011214,31.1941,860.600034999999
1046,0.00930900000000001,31.0335,862.600009
1047,0.010088,31.2242,864.599975000001
1048,0.010516,30.8557,866.600002000001
1049,0.00955,30.889,868.600006000001
1050,0.010018,30.7233,870.599936000001
1051,0.009907,30.8542,872.600012999999
1052,0.010143,30.7165,874.600191
1053,0.010056,30.5288,876.600101
1054,0.00998200000000002,30.508,878.600034999999
1055,0.00853200000000001,30.3031,880.599991999999
1056,0.00998500000000002,29.887,882.599979000001
1057,0.010527,29.481,884.60001
1058,0.00950300000000001,29.0187,886.600093000001
1059,0.00975500000000001,28.6133,888.600043
1060,0.00928500000000002,28.495,890.600168999999
1061,0.00927500000000001,28.1604,892.599996999999
1062,0.00905900000000001,28.2389,894.599973
1063,0.00963800000000001,27.9834,896.600073
1064,0.008435,28.0662,898.599990000001
1065,0.00916800000000001,27.6088,900.599962
1066,0.010046,27.0994,902.59993
1067,0.00841,26.7905,904.600048
1068,0.00858800000000001,26.4982,906.599979000001
1069,0.00928300000000001,26.5289,908.600011
1070,0.00933,26.1997,910.599966
1071,0.00841700000000001,25.7483,912.599976
1072,0.00875700000000001,25.6812,914.599944
1073,0.00873800000000002,25.5414,916.60007
1074,0.00805800000000001,25.4476,918.600066000001
1075,0.00891500000000001,25.1213,920.600045000001
1076,0.00797200000000001,24.8281,922.599953000001
1077,0.009073,24.4903,924.600168999999
1078,0.00916700000000001,23.9962,926.600028000001
1079,0.008905,23.4789,928.600012000001
1080,0.00945500000000002,23.0715,930.600009
1081,0.009239,22.8929,932.599985000001
1082,0.008574,22.6651,934.599990000001
1083,0.00829300000000002,22.5955,936.599975000001
1084,0.008274,22.4786,938.600088000001
1085,0.00775900000000002,21.9906,940.600016
1086,0.00884000000000001,21.7573,942.599958000001
1087,0.00820600000000002,21.6209,944.600084
1088,0.00884700000000002,21.3359,946.599944
1089,0.00777900000000001,20.9566,948.600063
1090,0.00797500000000001,20.1009,950.600009
1091,0.00689600000000001,20.132,952.600157000001
1092,0.00667800000000002,20.162,954.600015
1093,0.00837000000000002,20.3191,956.599955
1094,0.00841500000000001,19.9647,958.600063
1095,0.00872600000000001,19.5242,960.600103000001
1096,0.00848300000000002,19.3992,962.599919
1097,0.00754400000000002,19.3733,964.599955
1098,0.007157,18.841,966.600033000001
1099,0.00723700000000002,18.4438,968.60002
1100,0.00740400000000002,18.3463,970.600026
1101,0.00730600000000001,17.7809,972.600021
1102,0.00737200000000002,17.8322,974.600041
1103,0.00854000000000002,17.6723,976.599957
1104,0.00706400000000001,17.256,978.60002
1105,0.00656900000000002,16.9718,980.599995
1106,0.00696100000000002,16.4109,982.600033000001
1107,0.008544,16.2332,984.599952
1108,0.00725200000000001,16.2592,986.600059
1109,0.007212,16.0686,988.600054
1110,0.00690200000000002,15.9042,990.600060000001
1111,0.00678400000000001,16.1662,992.599985000001
1112,0.00495900000000002,15.9899,994.6
1113,0.00687800000000002,15.9121,996.59996
1114,0.006768,15.6923,998.599990000001
1115,0.00695900000000002,15.5491,1000.600018
1116,0.00603900000000002,15.0287,1002.599997
1117,0.00639700000000001,14.9331,1004.59996
1118,0.00744700000000001,14.6536,1006.600011
1119,0.00705600000000001,14.2627,1008.600068
1120,0.00619,14.154,1010.599985
1121,0.006663,14.3337,1012.599894
1122,0.00676700000000002,14.2355,1014.600074
1123,0.00572,13.9637,1016.600038
1124,0.00581400000000001,13.9739,1018.599973
1125,0.00576000000000002,14.198,1020.599991
1126,0.00659200000000001,13.7983,1022.600029
1127,0.00611500000000001,13.4871,1024.600013
1128,0.00889200000000001,13.7307,1026.599984
1129,0.00592500000000001,13.6275,1028.599971
1130,0.00648700000000002,13.3629,1030.600006
1131,0.005273,13.2423,1032.599995
1132,0.00634600000000002,12.8329,1034.599967
1133,0.005492,12.9365,1036.600023
1134,0.00712000000000002,12.7077,1038.599988
1135,0.006776,12.0255,1040.599943
1136,0.00581300000000001,11.7646,1042.600037
1137,0.00586200000000001,11.5769,1044.599991
1138,0.006023,11.3069,1046.600132
1139,0.00704500000000002,11.1509,1048.600088
1140,0.00534000000000001,11.1385,1050.600016
1141,0.005694,10.8066,1052.599994
1142,0.00600100000000001,10.6708,1054.600014
1143,0.00543300000000002,10.4729,1056.599976
1144,0.00665600000000002,10.0467,1058.599982
1145,0.00521100000000002,9.378,1060.599966
1146,0.005721,8.9403,1062.600064
1147,0.00526200000000002,8.4111,1064.600144
1148,0.004803,8.2068,1066.599955
1149,0.005221,7.84,1068.600002
1150,0.00518400000000002,7.6087,1070.600011
1151,0.00489800000000001,7.5216,1072.60002
1152,0.00525,7.2752,1074.599944
1153,0.00466800000000001,6.9762,1076.600015
1154,0.00548000000000001,6.5718,1078.600123
1155,0.00526000000000001,6.3811,1080.600001
1156,0.004802,6.1645,1082.599949
1157,0.00415800000000002,5.9584,1084.600007
1158,0.00509600000000002,5.6132,1086.600022
1159,0.00459600000000002,5.4932,1088.600024
1160,0.00445500000000001,5.1558,1090.600016
1161,0.00603300000000001,5.216,1092.600095
1162,0.00474100000000002,5.3231,1094.600022
1163,0.00482400000000002,5.2691,1096.6
1164,0.004749,5.2061,1098.599942
1165,0.00448300000000001,5.0265,1100.600019
1166,0.0035,4.8977,1102.599935
1167,0.00401500000000002,4.8374,1104.599982
1168,0.004584,4.7736,1106.599999
1169,0.003606,4.6827,1108.600028
1170,0.00459400000000001,4.0786,1110.599976
1171,0.00388000000000002,3.799,1112.60004
1172,0.003937,3.6721,1114.600056
1173,0.00404600000000002,3.3547,1116.59996
1174,0.00424000000000002,3.0358,1118.600056
1175,0.003828,2.8449,1120.599983
1176,0.004853,2.6434,1122.599976
1177,0.00387400000000002,1.9979,1124.600048
1178,0.00354600000000002,1.6848,1126.599982
1179,0.004444,1.6704,1128.599977
1180,0.003084,1.241,1130.599992
1181,0.004078,1.0752,1132.600024
1182,0.00394700000000001,0.5587,1134.600001
1183,0.00318300000000002,0.4947,1136.600005
1184,0.002969,0.0697,1138.599973
1185,0.00272,0.0009,1140.60003
1186,0.00242000000000001,-0.0059,1142.599991
1187,0.00550900000000001,-0.569,1144.599989
1188,-0.000547999999999993,-0.8826,1146.599962
1189,0.003279,-1.379,1148.600001
1190,0.00295600000000001,-1.2605,1150.599984
1191,0.003695,-1.4657,1152.600051
1192,0.00400900000000001,-1.6697,1154.600095
1193,0.00314900000000001,-1.8633,1156.599985
1194,0.00335300000000002,-2.2749,1158.599992
1195,0.00188200000000002,-2.5154,1160.600006
1196,0.003079,-2.6906,1162.599953
1197,0.00401100000000001,-2.8022,1164.599997
1198,0.00376200000000002,-3.3054,1166.599948
1199,0.00210200000000002,-3.4753,1168.600097
1200,0.003468,-3.6774,1170.600034
1201,0.00303700000000001,-4.0127,1172.599943
1202,0.00314300000000001,-3.7846,1174.600015
1203,0.00170000000000001,-4.2132,1176.600024
1204,0.00286500000000001,-4.2695,1178.600039
1205,0.00364200000000001,-4.3554,1180.600069
1206,0.00288200000000002,-4.4049,1182.600043
1207,0.00364300000000001,-4.623,1184.600048
1208,0.00326100000000001,-5.1136,1186.600119
1209,0.00286800000000001,-5.19,1188.600035
1210,0.00216000000000002,-5.528,1190.599946
1211,0.003498,-5.1659,1192.599902
1212,0.00192200000000001,-5.6766,1194.599965
1213,0.00106300000000001,-5.8848,1196.599963
1214,0.000745999999999997,-5.7918,1198.600029
1215,0.000189000000000022,-6.0777,1200.599964
1216,0.00174000000000002,-6.0795,1202.599976
1217,0.00254000000000001,-5.9673,1204.600014
1218,0.00278900000000001,-6.3369,1206.600002
1219,0.002692,-6.2871,1208.59994
1220,0.00187500000000002,-6.5027,1210.600134
1221,0.00262000000000001,-6.9409,1212.600028
1222,0.00192100000000001,-6.9157,1214.599991
1223,0.00129800000000002,-7.1371,1216.600159
1224,0.002138,-7.4895,1218.600075
1225,0.00173000000000001,-7.8683,1220.600039
1226,0.00126300000000001,-8.0814,1222.600018
1227,0.00165200000000001,-8.3297,1224.600027
1228,0.000976000000000005,-8.5782,1226.600039
1229,0.000576000000000021,-8.9795,1228.6
1230,0.00145700000000001,-8.8113,1230.600021
1231,0.002751,-9.2875,1232.599998
1232,0.00239700000000001,-9.5883,1234.599931
1233,0.001306,-9.9846,1236.600045
1234,0.000586000000000003,-9.9746,1238.600001
1235,0.002274,-10.3965,1240.600044
1236,0.00187600000000002,-10.5877,1242.600014
1237,0.001669,-10.9742,1244.600051
1238,0.00165900000000002,-11.264,1246.599953
1239,0.00176700000000002,-11.1037,1248.599982
1240,0.000570000000000015,-11.7989,1250.59998
1241,0.00145900000000002,-11.9335,1252.599959
1242,0.000938000000000022,-12.3883,1254.600028
1243,0.000730000000000008,-12.722,1256.599965
1244,0.000210000000000016,-12.9117,1258.600177
1245,0.00151800000000002,-13.2347,1260.599945
1246,0.00178700000000001,-13.5882,1262.600019
1247,0.000451000000000007,-13.7471,1264.600053
1248,0.000452000000000008,-14.0263,1266.599981
1249,0.000553999999999999,-14.5886,1268.60007
1250,0.00157600000000002,-14.6963,1270.599937
1251,-0.000351999999999991,-14.6102,1272.600027
1252,0.000588000000000005,-14.6708,1274.599991
1253,-0.000566999999999984,-14.7412,1276.599976
1254,0.000914999999999999,-15.086,1278.600013
1255,-0.000206999999999985,-15.3845,1280.60005
1256,-0.000448999999999977,-15.7872,1282.600064
1257,0.00149400000000002,-16.3407,1284.600018
1258,-0.000241999999999992,-16.8323,1286.599943
1259,-0.000573999999999991,-17.1417,1288.599971
1260,0.000241000000000019,-17.2991,1290.600023
1261,-9.1999999999981e-05,-17.4812,1292.600008
1262,0.000143000000000004,-17.7296,1294.600029
1263,6.70000000000115e-05,-18.4013,1296.599952
1264,-0.000295999999999991,-18.0784,1298.599976
1265,-6.79999999999847e-05,-18.2989,1300.599971
1266,-0.000584000000000001,-17.7816,1302.600169
1267,-0.000881999999999994,-17.8197,1304.600024
1268,-0.00036899999999998,-18.099,1306.599967
1269,8.60000000000027e-05,-18.4941,1308.60012
1270,-0.000609999999999999,-18.6948,1310.600073
1271,-0.000237999999999988,-19.1193,1312.599986
1272,-2.80000000000002e-05,-19.1456,1314.600062
1273,-0.000596999999999986,-19.3338,1316.60001
1274,-0.000834000000000001,-19.5294,1318.600041
1275,-0.000682999999999989,-19.5311,1320.600025
1276,-0.000676999999999983,-19.6992,1322.59999
1277,-0.000883999999999996,-19.7234,1324.59994
1278,-0.00056299999999998,-20.165,1326.600038
1279,-0.000747999999999999,-20.4075,1328.599994
1280,-0.000376999999999988,-20.5188,1330.599943
1281,0.000339000000000006,-20.9587,1332.600104
1282,-0.000473000000000001,-21.1936,1334.59998
1283,-0.001112,-21.613,1336.600029
1284,-0.001582,-21.5994,1338.600031
1285,-0.001197,-21.7044,1340.600111
1286,-0.000245999999999996,-21.7408,1342.600003
1287,-0.001162,-21.8669,1344.599966
1288,-0.000507999999999981,-22.1303,1346.59997
1289,-0.000729999999999981,-22.2316,1348.600007
1290,-0.00123499999999999,-22.447,1350.60003
1291,-0.00205799999999998,-22.5473,1352.600024
1292,-0.000102999999999992,-22.4529,1354.599986
1293,-0.00121299999999999,-22.8178,1356.599985
1294,-0.00315799999999999,-23.0573,1358.599961
1295,-0.000603999999999993,-23.3537,1360.60002
1296,-0.00114199999999998,-23.2174,1362.599971
1297,-0.000511999999999985,-23.8699,1364.599972
1298,-0.000969999999999999,-24.052,1366.600009
1299,-0.002164,-23.8652,1368.59993
1300,-0.000897999999999982,-24.1396,1370.600054
1301,-0.000247999999999998,-24.4731,1372.600027
1302,-0.001944,-24.4091,1374.600025
1303,-0.001802,-24.5702,1376.600017
1304,-0.00126999999999999,-24.8293,1378.600035
1305,-0.00183899999999998,-24.9288,1380.599969
1306,-0.00144999999999998,-25.0591,1382.599975
1307,-0.001911,-25.2391,1384.60002
1308,-0.00205899999999998,-25.5928,1386.599985
1309,-0.002305,-25.9347,1388.600034
1310,-0.00267099999999998,-26.3888,1390.600011
1311,-0.00123499999999999,-26.2578,1392.600003
1312,-0.00275199999999998,-26.6409,1394.600039
1313,-0.002607,-26.9517,1396.599991
1314,-0.001688,-26.9541,1398.600015
1315,-0.00226999999999999,-26.7092,1400.599991
1316,-0.001916,-26.7046,1402.600095
1317,-0.00212099999999998,-26.5988,1404.600037
1318,-0.00171499999999999,-27.1646,1406.599958
1319,-0.00125399999999998,-27.6112,1408.599973
1320,-0.00177099999999999,-27.8822,1410.599987
1321,-0.00239899999999998,-27.9892,1412.600048
1322,-0.00194999999999998,-28.3084,1414.60005
1323,-0.00231399999999998,-28.5832,1416.600033
1324,-0.002276,-29.0974,1418.599989
1325,-0.00276099999999999,-29.0571,1420.599966
1326,-0.00217799999999999,-29.2313,1422.600023
1327,-0.00247899999999998,-29.4036,1424.600016
1328,-0.00244799999999998,-29.465,1426.599915
1329,-0.00145399999999998,-29.7425,1428.600023
1330,-0.00386499999999998,-30.1759,1430.599995
1331,-0.00285199999999999,-30.3593,1432.600004
1332,-0.002665,-30.2846,1434.600052
1333,-0.00395199999999998,-30.2549,1436.60003
1334,-0.00212199999999999,-30.5259,1438.600067
1335,-0.00345999999999999,-30.781,1440.60006
1336,-0.00287099999999998,-31.0259,1442.600009
1337,-0.003166,-31.3579,1444.599976
1338,-0.003191,-31.9839,1446.599992
1339,-0.00333,-32.1123,1448.599975
1340,-0.00483399999999998,-32.7985,1450.600004
1341,-0.00273499999999999,-32.8385,1452.59995
1342,-0.002193,-33.0751,1454.599974
1343,-0.00378499999999998,-33.6843,1456.59998
1344,-0.003694,-33.8076,1458.599953
1345,-0.00306499999999998,-34.4423,1460.599957
1346,-0.00447499999999998,-34.736,1462.599992
1347,-0.00384399999999999,-34.8565,1464.599975
1348,-0.00367799999999999,-34.7322,1466.600019
1349,-0.00341799999999998,-34.5653,1468.599974
1350,-0.003917,-34.782,1470.599981
1351,-0.00400099999999998,-34.8312,1472.599934
1352,-0.004492,-35.0705,1474.599979
1353,-0.00372699999999998,-34.8744,1476.599994
1354,-0.00497199999999998,-35.256,1478.599984
1355,-0.00361499999999998,-35.4571,1480.600047
1356,-0.00386799999999998,-35.4849,1482.599992
1357,-0.00284399999999999,-35.4164,1484.599977
1358,-0.00378899999999999,-35.6075,1486.599971
1359,-0.00483599999999998,-35.8528,1488.599957
1360,-0.005158,-35.8154,1490.599976
1361,-0.00461499999999998,-36.0278,1492.599981
1362,-0.00317099999999998,-36.3582,1494.599951
1363,-0.004632,-37.0014,1496.600039
1364,-0.004744,-36.7416,1498.600066
1365,-0.00493499999999999,-36.9394,1500.599957
1366,-0.00595099999999998,-37.2309,1502.599964
1367,-0.00508299999999998,-37.6934,1504.600077
1368,-0.00390099999999999,-38.3653,1506.599975
1369,-0.00429099999999999,-38.4622,1508.599951
1370,-0.004692,-38.3971,1510.599966
1371,-0.00523399999999999,-38.3104,1512.599976
1372,-0.00376799999999999,-38.5474,1514.599924
1373,-0.00476699999999999,-38.8753,1516.59995
1374,-0.005052,-39.0777,1518.599969
1375,-0.004245,-39.2361,1520.599976
1376,-0.00422299999999998,-39.3842,1522.599985
1377,-0.00428299999999998,-39.7181,1524.599973
1378,-0.004326,-39.6958,1526.600063
1379,-0.00470999999999999,-39.6886,1528.600017
1380,-0.00497,-39.4689,1530.599955
1381,-0.00412799999999999,-39.6993,1532.599945
1382,-0.00494499999999998,-39.8678,1534.599978
1383,-0.00642999999999999,-40.1036,1536.599988
1384,-0.00509799999999999,-40.2386,1538.599953
1385,-0.004333,-40.5354,1540.599975
1386,-0.00544899999999998,-40.5819,1542.59997
1387,-0.00463,-40.8176,1544.59999
1388,-0.00628499999999999,-41.2589,1546.599967
1389,-0.005104,-41.7043,1548.59995
1390,-0.006331,-41.7783,1550.599943
1391,-0.004438,-41.8935,1552.599977
1392,-0.00422699999999998,-42.0393,1554.599963
1393,-0.00514999999999999,-41.9258,1556.599968
1394,-0.00639599999999999,-41.9562,1558.600046
1395,-0.00564799999999999,-41.9211,1560.600025
1396,-0.00681799999999999,-41.9741,1562.599959
1397,-0.00511599999999998,-41.7972,1564.599995
1398,-0.004583,-42.1131,1566.599964
1399,-0.004547,-42.4519,1568.599976
1400,-0.00487599999999999,-42.8372,1570.599993
1401,-0.00486999999999999,-43.2342,1572.600006
1402,-0.005692,-43.533,1574.599895
1403,-0.006856,-43.9589,1576.599947
1404,-0.00612699999999999,-44.4631,1578.600033
1405,-0.00644399999999998,-44.5908,1580.599961
1406,-0.00512299999999999,-44.7748,1582.599985
1407,-0.007434,-45.134,1584.599976
1408,-0.00519,-45.3855,1586.600032
1409,-0.005191,-45.4121,1588.599954
1410,-0.007268,-45.5474,1590.600031
1411,-0.00568299999999999,-45.6316,1592.59995
1412,-0.00595599999999999,-45.7157,1594.599973
1413,-0.00542699999999999,-45.6527,1596.59999
1414,-0.00795299999999999,-45.6316,1598.600033
1415,-0.00592499999999999,-46.0621,1600.60001
1416,-0.00608399999999998,-46.525,1602.599963
1417,-0.00594599999999998,-46.4837,1604.599984
1418,-0.007635,-46.8523,1606.600055
1419,-0.00695899999999999,-47.1974,1608.599941
1420,-0.006491,-47.4974,1610.599959
1421,-0.00725399999999998,-47.2453,1612.599968
1422,-0.006718,-47.5092,1614.599946
1423,-0.00756999999999999,-47.6333,1616.600005
1424,-0.007074,-47.6727,1618.599963
1425,-0.006635,-47.9972,1620.600096
1426,-0.00624,-48.187,1622.599983
1427,-0.007355,-47.85,1624.599963
1428,-0.008574,-48.1765,1626.600015
1429,-0.006882,-48.4668,1628.599978
1430,-0.00717599999999999,-48.5906,1630.599991
1431,-0.00792999999999999,-48.5388,1632.599989
1432,-0.00731499999999999,-48.5665,1634.599988
1433,-0.00741799999999998,-48.8478,1636.599959
1434,-0.00738,-48.9786,1638.599956
1435,-0.00653799999999999,-49.5952,1640.59996
1436,-0.006352,-49.9143,1642.600005
1437,-0.00745699999999999,-50.4512,1644.59994
1438,-0.00830399999999998,-50.404,1646.599947
1439,-0.00730999999999998,-50.417,1648.599979
1440,-0.007579,-50.7766,1650.600018
1441,-0.006517,-51.1476,1652.60001
1442,-0.008156,-51.5819,1654.599965
1443,-0.007412,-51.5395,1656.599968
1444,-0.00672099999999998,-51.9033,1658.599969
1445,-0.00714599999999999,-52.152,1660.599963
1446,-0.006941,-52.2551,1662.599966
1447,-0.00653199999999998,-52.6469,1664.600028
1448,-0.007021,-52.7198,1666.600001
1449,-0.00666999999999998,-53.1339,1668.599976
1450,-0.006077,-53.5363,1670.599961
1451,-0.008213,-53.8497,1672.599986
1452,-0.00656799999999999,-53.8589,1674.599955
1453,-0.008073,-53.8982,1676.599976
1454,-0.00824999999999998,-53.9947,1678.600096
1455,-0.00724999999999998,-54.0746,1680.599967
1456,-0.009133,-54.1559,1682.600002
1457,-0.007382,-54.1441,1684.599977
1458,-0.008048,-54.3487,1686.599982
1459,-0.00664599999999999,-54.2679,1688.599934
1460,-0.00808,-54.0767,1690.599952
1461,-0.007766,-53.8293,1692.599989
1462,-0.007964,-53.9332,1694.599964
1463,-0.009856,-54.6981,1696.599939
1464,-0.00711399999999998,-55.0902,1698.599944
1465,-0.00978299999999999,-55.5958,1700.599991
1466,-0.00987499999999999,-55.7218,1702.599955
1467,-0.00891999999999998,-55.757,1704.599968
1468,-0.00936499999999998,-55.8717,1706.599985
1469,-0.00905699999999998,-56.0153,1708.599928
1470,-0.008518,-56.1287,1710.599957
1471,-0.008271,-56.0179,1712.599965
1472,-0.008771,-56.4539,1714.600044
1473,-0.00857999999999998,-56.5035,1716.599963
1474,-0.00863699999999998,-56.7293,1718.599956
1475,-0.00793199999999999,-57.0121,1720.599975
1476,-0.00877799999999998,-57.4211,1722.599985
1477,-0.00898199999999999,-57.9387,1724.599941
1478,-0.008655,-58.0232,1726.599944
1479,-0.008684,-58.1594,1728.599957
1480,-0.00992099999999999,-58.6747,1730.599963
1481,-0.00861299999999998,-59.0235,1732.599988
1482,-0.009739,-59.1967,1734.59996
1483,-0.00947799999999999,-59.1868,1736.599944
1484,-0.010306,-59.1405,1738.599969
1485,-0.00942399999999999,-59.6954,1740.599993
1486,-0.00881899999999999,-59.5374,1742.599975
1487,-0.00931899999999999,-59.5523,1744.60006
1488,-0.00922299999999998,-59.4577,1746.599976
1489,-0.010142,-59.4218,1748.599934
1490,-0.011243,-59.6346,1750.599956
1491,-0.00976099999999999,-59.8322,1752.599955
1492,-0.00864599999999999,-59.749,1754.599943
1493,-0.01002,-59.938,1756.600011
1494,-0.008189,-60.2706,1758.599952
1495,-0.01013,-60.5067,1760.599967
1496,-0.008407,-60.8387,1762.599949
1497,-0.01079,-61.1468,1764.599957
1498,-0.00867699999999999,-61.2701,1766.59997
1499,-0.00975899999999999,-61.6461,1768.599996
1500,-0.009495,-61.7533,1770.599919
1501,-0.009629,-61.6243,1772.599982
1502,-0.00957999999999998,-61.6744,1774.600013
1503,-0.00847599999999998,-61.828,1776.600017
1504,-0.010488,-62.0043,1778.599966
1505,-0.00998199999999999,-61.9806,1780.599975
1506,-0.00902399999999998,-62.4412,1782.599949
1507,-0.010702,-62.956,1784.599971
1508,-0.015843,-63.2117,1786.599984
1509,-0.011025,-63.3089,1788.599956
1510,-0.010705,-63.3627,1790.599954
1511,-0.010161,-63.6542,1792.599962
1512,-0.010619,-63.8276,1794.599947
1513,-0.011343,-64.0988,1796.599961
1514,-0.009711,-64.139,1798.599975
1515,-0.010664,-64.5269,1800.599999
1516,-0.01169,-64.7617,1802.600002
1517,-0.012022,-64.8819,1804.599969
1518,-0.011093,-64.8885,1806.599959
1519,-0.010129,-65.2277,1808.599993
1520,-0.012409,-65.3366,1810.599976
1521,-0.01219,-65.7675,1812.599973
1522,-0.00935799999999998,-65.9641,1814.6
1523,-0.010637,-66.1973,1816.599942
1524,-0.010535,-66.3395,1818.599943
1525,-0.011085,-66.1987,1820.599948
1526,-0.010226,-66.4654,1822.600168
1527,-0.010841,-66.4854,1824.599933
1528,-0.010015,-66.7121,1826.599955
1529,-0.010583,-66.6427,1828.599945
1530,-0.010841,-66.7132,1830.599948
1531,-0.00989499999999999,-66.9695,1832.599958
1532,-0.010652,-66.7897,1834.599953
1533,-0.011257,-67.1457,1836.599947
1534,-0.010897,-67.3123,1838.600024
1535,-0.011168,-67.6616,1840.599961
1536,-0.010737,-67.9038,1842.599973
1537,-0.0116,-68.1662,1844.599952
1538,-0.011103,-68.2052,1846.59993
1539,-0.010851,-68.4483,1848.599962
1540,-0.011352,-68.9864,1850.599982
1541,-0.010849,-69.1975,1852.59995
1542,-0.011102,-69.2649,1854.599969
1543,-0.010896,-69.6936,1856.59995
1544,-0.011262,-69.6725,1858.599957
1545,-0.010843,-69.814,1860.599984
1546,-0.012148,-69.9238,1862.600031
1547,-0.012783,-70.1529,1864.599975
1548,-0.011775,-70.2961,1866.599961
1549,-0.012399,-70.5738,1868.599973
1550,-0.010731,-70.7151,1870.600054
1551,-0.011853,-71.2706,1872.599968
1552,-0.00957999999999998,-71.8404,1874.600043
1553,-0.012723,-71.9889,1876.59997
1554,-0.012328,-71.9868,1878.599966
1555,-0.012449,-72.3791,1880.599933
1556,-0.011436,-72.6198,1882.599962
1557,-0.012222,-73.077,1884.599986
1558,-0.011562,-73.2656,1886.599962
1559,-0.012206,-73.533,1888.599939
1560,-0.012478,-73.401,1890.599947
1561,-0.011448,-73.4475,1892.599971
1562,-0.011801,-73.4756,1894.599972
1563,-0.012006,-73.2605,1896.599953
1564,-0.012641,-73.1962,1898.599977
1565,-0.013867,-73.4069,1900.600093
1566,-0.01148,-73.6614,1902.599998
1567,-0.012071,-73.7454,1904.599948
1568,-0.010668,-73.8479,1906.599998
1569,-0.012042,-73.9764,1908.599998
1570,-0.012281,-74.1821,1910.599998
1571,-0.01249,-74.1861,1912.599972
1572,-0.013609,-73.7558,1914.599951
1573,-0.012372,-74.0287,1916.599952
1574,-0.012792,-74.1977,1918.599979
1575,-0.012941,-74.5372,1920.599972
1576,-0.012739,-74.8695,1922.600003
1577,-0.013226,-74.8256,1924.60005
1578,-0.012503,-75.0258,1926.600011
1579,-0.013788,-75.1173,1928.599992
1580,-0.012193,-75.2821,1930.600001
1581,-0.012461,-75.4534,1932.599997
1582,-0.012767,-75.3536,1934.59996
1583,-0.01368,-75.538,1936.599962
1584,-0.014612,-75.8524,1938.599948
1585,-0.012792,-76.4519,1940.599967
1586,-0.013012,-76.6212,1942.599947
1587,-0.013161,-76.8073,1944.59995
1588,-0.013579,-77.1807,1946.599968
1589,-0.013226,-77.3559,1948.599946
1590,-0.012328,-77.3374,1950.599965
1591,-0.013007,-77.5082,1952.600034
1592,-0.013405,-77.8845,1954.600012
1593,-0.011959,-77.9749,1956.599942
1594,-0.013002,-77.9448,1958.599994
1595,-0.014676,-77.9224,1960.600117
1596,-0.014875,-77.8256,1962.60003
1597,-0.013585,-78.1785,1964.599968
1598,-0.014747,-78.2589,1966.600048
1599,-0.014305,-78.6908,1968.600001
1600,-0.014517,-79.0184,1970.599957
1601,-0.013854,-79.1351,1972.599949
1602,-0.013135,-79.5844,1974.599978
1603,-0.013684,-79.8873,1976.59998
1604,-0.013415,-79.9086,1978.599944
1605,-0.013001,-80.2139,1980.600053
1606,-0.013508,-80.6729,1982.600017
1607,-0.013927,-81.0005,1984.599969
1608,-0.014501,-80.9664,1986.599966
1609,-0.014499,-80.7132,1988.599916
1610,-0.014323,-80.7817,1990.600093
1611,-0.013648,-80.7553,1992.599968
1612,-0.01488,-80.8329,1994.600093
1613,-0.01461,-81.0924,1996.599966
1614,-0.013095,-81.3361,1998.599957
1615,-0.014229,-81.5613,2000.599966
1616,-0.014955,-81.8911,2002.600011
1617,-0.013692,-81.8193,2004.599962
1618,-0.013908,-81.9437,2006.600033
1619,-0.013974,-82.0717,2008.600052
1620,-0.014773,-82.4153,2010.599949
1621,-0.013892,-82.9537,2012.599983
1622,-0.014574,-82.7236,2014.599959
1623,-0.013469,-82.7555,2016.599947
1624,-0.013716,-83.1648,2018.59996
1625,-0.014127,-83.2589,2020.600002
1626,-0.014584,-83.4481,2022.599969
1627,-0.014616,-83.3144,2024.600112
1628,-0.014309,-83.7295,2026.600057
1629,-0.014971,-83.6727,2028.600041
1630,-0.013278,-83.9886,2030.599943
1631,-0.012411,-83.9149,2032.600046
1632,-0.014144,-84.1214,2034.600044
1633,-0.014933,-84.3458,2036.600039
1634,-0.014755,-84.805,2038.599976
1635,-0.014325,-85.2418,2040.600031
1636,-0.015169,-85.2322,2042.600029
1637,-0.015137,-85.2827,2044.600018
1638,-0.013601,-85.3195,2046.60006
1639,-0.014584,-84.9069,2048.599948
1640,-0.015074,-85.0858,2050.60008
1641,-0.015862,-85.299,2052.600033
1642,-0.015623,-85.9985,2054.600082
1643,-0.014899,-86.1477,2056.600086
1644,-0.017131,-86.0744,2058.600048
1645,-0.01534,-86.5647,2060.600116
1646,-0.014026,-86.6475,2062.600039
1647,-0.016071,-86.8253,2064.599975
1648,-0.015206,-87.1721,2066.599995
1649,-0.015835,-87.1675,2068.600023
1650,-0.014749,-87.4934,2070.600033
1651,-0.015016,-87.7541,2072.600028
1652,-0.015568,-87.7113,2074.600063
1653,-0.015095,-87.8012,2076.600023
1654,-0.014539,-88.0648,2078.600024
1655,-0.014169,-88.5337,2080.599969
1656,-0.015906,-88.9916,2082.600004
1657,-0.016014,-89.4517,2084.600023
1658,-0.015517,-89.6053,2086.600123
1659,-0.016195,-89.6549,2088.600047
1660,-0.016733,-89.5076,2090.600046
1661,-0.016294,-89.3682,2092.599974
1662,-0.015594,-89.4987,2094.599986
1663,-0.017408,-89.8135,2096.600002
1664,-0.017526,-89.6766,2098.600139
1665,-0.016062,-89.8747,2100.600026
1666,-0.015508,-90.2989,2102.600043
1667,-0.015028,-90.6663,2104.600036
1668,-0.016111,-90.929,2106.600111
1669,-0.015715,-91.3411,2108.599998
1670,-0.016083,-91.4442,2110.60003
1671,-0.016865,-91.5256,2112.600027
1672,-0.016717,-91.5438,2114.600042
1673,-0.015974,-91.6916,2116.600115
1674,-0.016156,-91.8841,2118.60014
1675,-0.016529,-91.8702,2120.600007
1676,-0.01637,-92.1248,2122.600039
1677,-0.016374,-92.3475,2124.600062
1678,-0.015668,-92.3379,2126.600052
1679,-0.017185,-92.6078,2128.600033
1680,-0.016427,-92.6195,2130.600046
1681,-0.015314,-92.7586,2132.600037
1682,-0.016254,-92.8214,2134.600029
1683,-0.016892,-92.9733,2136.60005
1684,-0.016107,-93.2891,2138.599994
1685,-0.01693,-93.0961,2140.60007
1686,-0.015624,-93.1297,2142.600008
1687,-0.015649,-93.3248,2144.600038
1688,-0.016937,-93.0724,2146.600066
1689,-0.01665,-93.3723,2148.600043
1690,-0.018587,-93.4101,2150.60009
1691,-0.017055,-93.3155,2152.600016
1692,-0.016709,-93.5218,2154.600003
1693,-0.017718,-93.6547,2156.600022
1694,-0.016409,-93.9313,2158.600035
1695,-0.016882,-94.4584,2160.600037
1696,-0.015985,-94.4956,2162.600122
1697,-0.017399,-94.9035,2164.600039
1698,-0.01706,-95.2488,2166.600011
1699,-0.016844,-95.346,2168.600018
1700,-0.016375,-95.1341,2170.600097
1701,-0.017194,-95.5792,2172.600092
1702,-0.017543,-95.4246,2174.600013
1703,-0.017658,-95.7142,2176.600086
1704,-0.016981,-95.6854,2178.600031
1705,-0.016642,-95.9889,2180.600141
1706,-0.017898,-96.4074,2182.600143
1707,-0.017674,-96.1733,2184.600092
1708,-0.017236,-96.4508,2186.600052
1709,-0.017107,-96.3824,2188.600012
1710,-0.017737,-95.8711,2190.600117
1711,-0.019335,-95.8642,2192.59999
1712,-0.019845,-96.0715,2194.599982
1713,-0.016353,-96.2641,2196.600032
1714,-0.017434,-96.5085,2198.600035
1715,-0.017824,-96.368,2200.600086
1716,-0.015917,-96.3056,2202.600096
1717,-0.017409,-96.4131,2204.600076
1718,-0.016529,-96.999,2206.60008
1719,-0.01774,-97.2505,2208.600072
1720,-0.017746,-97.6681,2210.60007
1721,-0.017054,-97.8156,2212.600079
1722,-0.018467,-97.9772,2214.600021
1723,-0.017696,-98.303,2216.600025
1724,-0.018071,-98.6969,2218.600027
1725,-0.017233,-98.9932,2220.60006
1726,-0.017192,-99.4399,2222.600073
1727,-0.01839,-99.3496,2224.600126
1728,-0.018447,-99.3121,2226.600006
1729,-0.018071,-99.5783,2228.600109
1730,-0.018273,-99.7777,2230.600072
1731,-0.018309,-99.6248,2232.600111
1732,-0.018158,-99.3725,2234.600034
1733,-0.017633,-99.9789,2236.600069
1734,-0.01803,-100.0704,2238.600023
1735,-0.019049,-100.314,2240.600156
1736,-0.018875,-100.3548,2242.60012
1737,-0.018661,-100.3235,2244.599973
1738,-0.018257,-100.1105,2246.600071
1739,-0.018865,-100.1195,2248.600008
1740,-0.017457,-100.4601,2250.600029
1741,-0.018191,-100.5362,2252.600059
1742,-0.015356,-100.8015,2254.600052
1743,-0.01842,-101.3595,2256.600011
1744,-0.019022,-101.4909,2258.600022
1745,-0.018835,-101.5135,2260.600075
1746,-0.018981,-101.6406,2262.600089
1747,-0.019412,-101.643,2264.600047
1748,-0.019967,-101.9903,2266.600082
1749,-0.019079,-102.0993,2268.600058
1750,-0.017347,-102.2421,2270.600054
1751,-0.018841,-102.4268,2272.600039
1752,-0.019094,-102.524,2274.60012
1753,-0.018285,-102.7354,2276.600166
1754,-0.01836,-102.8365,2278.60005
1755,-0.01801,-103.0347,2280.600023
1756,-0.017755,-103.158,2282.600033
1757,-0.01997,-103.5418,2284.600018
1758,-0.019074,-103.9074,2286.600028
1759,-0.018086,-104.3577,2288.600072
1760,-0.019914,-104.8179,2290.600011
1761,-0.018853,-105.0227,2292.600009
1762,-0.018984,-105.3761,2294.600081
1763,-0.019325,-105.538,2296.600028
1764,-0.019335,-105.7134,2298.600043
1765,-0.019449,-105.8619,2300.600158
1766,-0.018798,-105.98,2302.600107
1767,-0.018898,-106.0506,2304.600174
1768,-0.019593,-105.9393,2306.600077
1769,-0.019767,-105.9819,2308.600035
1770,-0.018468,-106.6182,2310.600025
1771,-0.019351,-107.0548,2312.60002
1772,-0.019578,-106.9067,2314.60002
1773,-0.018777,-107.0247,2316.600051
1774,-0.019287,-107.1583,2318.600038
1775,-0.021308,-107.2674,2320.600016
1776,-0.019915,-107.246,2322.599947
1777,-0.021173,-107.6834,2324.600069
1778,-0.019961,-107.7614,2326.600024
1779,-0.019969,-108.0813,2328.599938
1780,-0.019571,-108.2116,2330.59998
1781,-0.018288,-108.5329,2332.600022
1782,-0.018817,-108.342,2334.599983
1783,-0.020803,-108.8209,2336.600055
1784,-0.01925,-108.7489,2338.60003
1785,-0.020147,-108.7754,2340.60004
1786,-0.020317,-108.8214,2342.599976
1787,-0.021015,-109.0248,2344.600137
1788,-0.021012,-109.218,2346.60002
1789,-0.020479,-109.3503,2348.6
1790,-0.019627,-109.4635,2350.600024
1791,-0.020682,-109.6814,2352.599989
1792,-0.020474,-110.0357,2354.600041
1793,-0.020378,-110.0689,2356.60003
1794,-0.019102,-110.254,2358.600031
1795,-0.019426,-110.2872,2360.600079
1796,-0.020541,-110.4012,2362.599999
1797,-0.020725,-110.6614,2364.600059
1798,-0.0203,-110.6285,2366.600207
1799,-0.020465,-110.8152,2368.60006
1800,-0.019737,-111.1218,2370.600148
1801,-0.021575,-111.1224,2372.60003
1802,-0.019961,-111.431,2374.600004
1803,-0.020502,-111.1255,2376.600025
1804,-0.020828,-111.1794,2378.599983
1805,-0.020621,-111.5352,2380.600066
1806,-0.021414,-111.411,2382.600189
1807,-0.020676,-111.4521,2384.600102
1808,-0.019752,-111.5121,2386.600111
1809,-0.022077,-111.6639,2388.600029
1810,-0.019876,-111.6489,2390.600005
1811,-0.02153,-111.5299,2392.60011
1812,-0.02201,-111.6903,2394.600041
1813,-0.020651,-111.9591,2396.600133
1814,-0.021765,-112.5291,2398.600116
1815,-0.020819,-112.711,2400.600086
1816,-0.021465,-112.6736,2402.600015
1817,-0.020664,-113.0343,2404.600085
1818,-0.019427,-112.8147,2406.600025
1819,-0.021365,-112.8698,2408.599993
1820,-0.021179,-112.9127,2410.600122
1821,-0.019794,-113.0322,2412.600025
1822,-0.020915,-112.7674,2414.599968
1823,-0.021772,-113.1676,2416.600046
1824,-0.021731,-112.8921,2418.600154
1825,-0.021723,-112.7636,2420.599965
1826,-0.018491,-112.9412,2422.600065
1827,-0.022163,-113.2498,2424.600007
1828,-0.021465,-113.3155,2426.600054
1829,-0.021109,-113.1091,2428.600079
1830,-0.021572,-113.1356,2430.600083
1831,-0.02032,-113.6778,2432.600013
1832,-0.021248,-113.9117,2434.600095
1833,-0.021306,-114.3599,2436.600092
1834,-0.020853,-114.3835,2438.600022
1835,-0.021808,-114.6259,2440.60005
1836,-0.021269,-115.226,2442.600019
1837,-0.021825,-115.1558,2444.600023
1838,-0.021853,-114.9059,2446.600076
1839,-0.021972,-115.1315,2448.600088
1840,-0.022255,-115.1842,2450.600031
1841,-0.021714,-115.2579,2452.600083
1842,-0.022184,-115.6808,2454.600129
1843,-0.022026,-115.7683,2456.600034
1844,-0.021858,-115.7608,2458.600191
1845,-0.022083,-115.4697,2460.600081
1846,-0.022561,-115.8092,2462.600023
1847,-0.021724,-116.2845,2464.600046
1848,-0.022367,-116.4091,2466.600107
1849,-0.021573,-116.6336,2468.600151
1850,-0.020582,-116.865,2470.60005
1851,-0.022494,-116.898,2472.600033
1852,-0.020263,-116.7966,2474.600103
1853,-0.023565,-117.2263,2476.600045
1854,-0.023019,-117.4229,2478.600019
1855,-0.023991,-117.2379,2480.600048
1856,-0.021968,-117.3624,2482.600077
1857,-0.021352,-117.2444,2484.600098
1858,-0.02195,-117.322,2486.600039
1859,-0.021905,-117.5248,2488.600026
1860,-0.021618,-117.9846,2490.600031
1861,-0.021666,-118.1852,2492.600073
1862,-0.02304,-118.6976,2494.600046
1863,-0.021925,-118.875,2496.600005
1864,-0.022907,-118.9968,2498.600072
1865,-0.022353,-118.8139,2500.600011
1866,-0.022492,-118.9835,2502.600079
1867,-0.022782,-119.1761,2504.600038
1868,-0.0217,-119.1859,2506.599932
1869,-0.022646,-119.0808,2508.600044
1870,-0.023673,-119.6287,2510.600044
1871,-0.02359,-119.8535,2512.600095
1872,-0.02179,-119.8712,2514.6
1873,-0.022453,-119.8722,2516.600082
1874,-0.02482,-119.8098,2518.600073
1875,-0.024508,-120.0535,2520.600056
1876,-0.022452,-120.0357,2522.600107
1877,-0.022326,-120.2779,2524.600029
1878,-0.022348,-120.5865,2526.600102
1879,-0.022694,-120.6789,2528.600039
1880,-0.022523,-121.1526,2530.600009
1881,-0.022715,-121.2773,2532.600015
1882,-0.023167,-121.5243,2534.600089
1883,-0.022885,-121.6647,2536.600008
1884,-0.023503,-121.6626,2538.600043
1885,-0.023176,-121.7105,2540.600024
1886,-0.023569,-121.7564,2542.600048
1887,-0.022735,-122.0462,2544.600038
1888,-0.023943,-122.1464,2546.600012
1889,-0.023903,-122.1779,2548.600037
1890,-0.022905,-122.0378,2550.600135
1891,-0.025941,-122.0191,2552.600074
1892,-0.022739,-122.072,2554.600137
1893,-0.023233,-122.0138,2556.600002
1894,-0.024132,-122.6349,2558.600018
1895,-0.023754,-122.9798,2560.600101
1896,-0.02329,-123.1165,2562.600042
1897,-0.023987,-123.2978,2564.600121
1898,-0.021887,-123.6607,2566.600054
1899,-0.023615,-124.1501,2568.600015
1900,-0.023058,-124.2619,2570.600018
1901,-0.023902,-124.1633,2572.60002
1902,-0.02357,-124.5127,2574.60009
1903,-0.023472,-124.5375,2576.600169
1904,-0.022518,-124.4488,2578.600012
1905,-0.022562,-124.3719,2580.600081
1906,-0.02414,-124.3257,2582.600084
1907,-0.023808,-124.0638,2584.600151
1908,-0.023073,-124.2232,2586.600124
1909,-0.023572,-124.3227,2588.60007
1910,-0.022999,-124.5485,2590.600003
1911,-0.024104,-124.3325,2592.599989
1912,-0.023936,-124.3402,2594.600021
1913,-0.023777,-124.5899,2596.60002
1914,-0.024422,-124.7759,2598.600055
1915,-0.023202,-125.1402,2600.6001
1916,-0.023582,-125.5841,2602.600005
1917,-0.024003,-125.813,2604.600073
1918,-0.024443,-125.5609,2606.600082
1919,-0.024376,-125.6362,2608.600091
1920,-0.025292,-125.6882,2610.599995
1921,-0.026068,-125.8628,2612.600131
1922,-0.026514,-125.7095,2614.600147
1923,-0.024557,-125.7032,2616.600067
1924,-0.024322,-125.2853,2618.60009
1925,-0.023771,-125.404,2620.600059
1926,-0.024142,-125.449,2622.600064
1927,-0.026084,-125.9525,2624.600025
1928,-0.023553,-126.0982,2626.600019
1929,-0.023911,-126.5334,2628.600061
1930,-0.024183,-126.8786,2630.600045
1931,-0.0234,-126.9664,2632.600116
1932,-0.025372,-127.2504,2634.60008
1933,-0.023925,-127.5536,2636.600019
1934,-0.0239,-127.7953,2638.600065
1935,-0.024386,-128.0618,2640.60001
1936,-0.025072,-128.3143,2642.600045
1937,-0.024199,-128.3591,2644.600154
1938,-0.024691,-128.4634,2646.600108
1939,-0.024634,-128.4017,2648.60001
1940,-0.024665,-128.6813,2650.600047
1941,-0.024476,-128.7805,2652.600016
1942,-0.02419,-129.0646,2654.600056
1943,-0.023952,-129.023,2656.599994
1944,-0.025378,-129.0691,2658.600035
1945,-0.023446,-129.0346,2660.600001
1946,-0.022086,-129.2262,2662.600055
1947,-0.024323,-129.615,2664.600009
1948,-0.024005,-129.8292,2666.599999
1949,-0.024167,-130.1373,2668.600033
1950,-0.024974,-130.4693,2670.600059
1951,-0.025551,-130.5343,2672.600085
1952,-0.025192,-130.4934,2674.600173
1953,-0.025207,-130.6564,2676.600083
1954,-0.024706,-130.3121,2678.600183
1955,-0.025694,-130.2819,2680.600065
1956,-0.025584,-130.4067,2682.600016
1957,-0.02545,-130.5167,2684.600048
1958,-0.02692,-130.6705,2686.600017
1959,-0.025198,-130.2181,2688.600018
1960,-0.023932,-130.2777,2690.600041
1961,-0.024294,-130.2465,2692.599991
1962,-0.025507,-130.3054,2694.600042
1963,-0.024021,-130.7132,2696.600044
1964,-0.024307,-130.8526,2698.600033
1965,-0.02647,-131.1772,2700.600054
1966,-0.026319,-131.2067,2702.599984
1967,-0.025276,-131.4911,2704.600025
1968,-0.025588,-131.8549,2706.59996
1969,-0.025924,-131.7661,2708.600048
1970,-0.026246,-131.875,2710.600041
1971,-0.025163,-132.6467,2712.60007
1972,-0.025934,-132.7146,2714.600046
1973,-0.026636,-132.9966,2716.600021
1974,-0.025964,-132.7977,2718.600043
1975,-0.02615,-132.8068,2720.599973
1976,-0.026003,-132.9609,2722.6001
1977,-0.025395,-133.4843,2724.600004
1978,-0.026709,-133.5383,2726.600044
1979,-0.026792,-133.4939,2728.600068
1980,-0.027002,-133.5527,2730.600172
1981,-0.025739,-133.3462,2732.59996
1982,-0.026015,-133.3388,2734.600025
1983,-0.026732,-133.3127,2736.600014
1984,-0.026479,-133.5076,2738.600131
1985,-0.025785,-133.62,2740.600101
1986,-0.02632,-133.919,2742.600038
1987,-0.026038,-134.2231,2744.600104
1988,-0.026892,-134.296,2746.600049
1989,-0.026584,-134.2793,2748.600001
1990,-0.027111,-134.2616,2750.600064
1991,-0.026659,-134.4066,2752.6
1992,-0.026635,-134.4351,2754.600017
1993,-0.024643,-134.7503,2756.600017
1994,-0.027456,-134.85,2758.600088
1995,-0.026188,-134.8864,2760.600103
1996,-0.027406,-135.1571,2762.600034
1997,-0.026562,-135.4124,2764.60009
1998,-0.027523,-135.1367,2766.600003
1999,-0.026472,-135.2151,2768.600038
2000,-0.026152,-135.5294,2770.600156
2001,-0.026552,-135.6658,2772.600111
2002,-0.02793,-135.8972,2774.600135
2003,-0.026283,-136.1844,2776.600075
2004,-0.028321,-136.3962,2778.600041
2005,-0.026497,-136.6989,2780.60006
2006,-0.026682,-136.4923,2782.599998
2007,-0.026879,-136.0096,2784.600117
2008,-0.026414,-136.4126,2786.600028
2009,-0.028151,-136.2673,2788.600093
2010,-0.026242,-136.4924,2790.600061
2011,-0.027194,-136.4756,2792.599995
2012,-0.027924,-136.6444,2794.600061
2013,-0.026563,-136.547,2796.600124
2014,-0.026768,-136.6361,2798.600017
2015,-0.026307,-136.7478,2800.600006
2016,-0.027021,-136.8361,2802.600146
2017,-0.027125,-137.0858,2804.600047
2018,-0.026379,-137.1406,2806.599976
2019,-0.027094,-137.4615,2808.600016
2020,-0.024873,-137.8014,2810.600016
2021,-0.026672,-138.1082,2812.600045
2022,-0.026813,-138.4133,2814.599998
2023,-0.026399,-138.6884,2816.600131
2024,-0.026472,-139.0129,2818.600087
2025,-0.025864,-138.9881,2820.60011
2026,-0.026195,-139.1111,2822.600159
2027,-0.027382,-139.0633,2824.60008
2028,-0.025734,-138.9659,2826.600136
2029,-0.027335,-139.3352,2828.599973
2030,-0.025827,-139.5111,2830.600081
2031,-0.027722,-139.7878,2832.600089
2032,-0.02816,-139.5466,2834.600062
2033,-0.027745,-139.0813,2836.600021
2034,-0.03051,-139.1223,2838.600176
2035,-0.027369,-139.3025,2840.600035
2036,-0.027361,-139.3998,2842.600083
2037,-0.027536,-139.5452,2844.600019
2038,-0.027729,-139.9577,2846.600014
2039,-0.0273,-140.1161,2848.600187
2040,-0.027763,-140.4409,2850.600095
2041,-0.027515,-140.5074,2852.599998
2042,-0.029067,-140.6253,2854.600151
2043,-0.027706,-140.8937,2856.600046
2044,-0.027568,-140.8862,2858.600003
2045,-0.02717,-141.0141,2860.600008
2046,-0.027167,-141.3012,2862.600072
2047,-0.027011,-141.5069,2864.600208
2048,-0.028518,-141.4699,2866.600008
2049,-0.027434,-142.157,2868.600108
2050,-0.028363,-142.4529,2870.600124
2051,-0.028099,-142.6203,2872.600055
2052,-0.028036,-142.6168,2874.600094
2053,-0.02778,-142.4272,2876.600028
2054,-0.027925,-142.7015,2878.600045
2055,-0.027551,-142.9222,2880.600025
2056,-0.028066,-142.9681,2882.600108
2057,-0.027719,-143.1687,2884.600094
2058,-0.029829,-143.3381,2886.600153
2059,-0.028124,-143.6983,2888.600117
2060,-0.029049,-143.6837,2890.600087
2061,-0.026422,-143.9828,2892.600073
2062,-0.027962,-144.2663,2894.600088
2063,-0.027817,-144.2395,2896.60001
2064,-0.027444,-144.7563,2898.599985
2065,-0.029392,-144.5947,2900.600108
2066,-0.028525,-145.0603,2902.600085
2067,-0.02783,-145.2478,2904.600141
2068,-0.028681,-145.1903,2906.60007
2069,-0.028954,-145.3847,2908.600059
2070,-0.028527,-145.3396,2910.600027
2071,-0.028697,-145.0916,2912.600042
2072,-0.027583,-144.9748,2914.600115
2073,-0.029278,-145.288,2916.600104
2074,-0.028582,-145.1776,2918.600061
2075,-0.02842,-145.4335,2920.599995
2076,-0.028777,-145.7879,2922.600011
2077,-0.028653,-146.084,2924.600083
2078,-0.027652,-145.9963,2926.600052
2079,-0.029198,-146.0203,2928.599961
2080,-0.030493,-146.032,2930.600069
2081,-0.028257,-146.1262,2932.600004
2082,-0.028917,-146.1744,2934.600037
2083,-0.028579,-146.441,2936.600055
2084,-0.029005,-146.6445,2938.600168
2085,-0.029374,-146.6389,2940.600097
2086,-0.027587,-146.9992,2942.600085
2087,-0.0283,-146.9636,2944.600008
2088,-0.027787,-146.864,2946.600158
2089,-0.02974,-147.0009,2948.600017
2090,-0.030368,-147.0763,2950.600145
2091,-0.028605,-147.0428,2952.600009
2092,-0.029181,-147.058,2954.600009
2093,-0.028294,-147.4178,2956.600062
2094,-0.03054,-147.6099,2958.600207
2095,-0.029769,-147.2426,2960.599994
2096,-0.02856,-147.2672,2962.600004
2097,-0.028918,-147.125,2964.599991
2098,-0.027882,-147.2574,2966.600091
2099,-0.030402,-147.2649,2968.600191
2100,-0.028782,-147.5192,2970.599975
2101,-0.028682,-147.6908,2972.600035
2102,-0.02904,-147.7247,2974.600088
2103,-0.02938,-148.0362,2976.600008
2104,-0.030337,-148.0587,2978.59999
2105,-0.029885,-147.784,2980.600094
2106,-0.029228,-148.1956,2982.600141
2107,-0.03061,-148.6645,2984.600003
2108,-0.028657,-148.7849,2986.600023
2109,-0.030434,-148.9158,2988.600077
2110,-0.029868,-149.1869,2990.600048
2111,-0.030874,-149.0717,2992.600007
2112,-0.028918,-149.0914,2994.600181
2113,-0.028199,-149.1907,2996.599986
2114,-0.029919,-149.417,2998.600092
2115,-0.029285,-149.3914,3000.599991
2116,-0.029277,-149.782,3002.600106
2117,-0.029523,-149.9191,3004.600061
2118,-0.029255,-150.0137,3006.600046
2119,-0.030853,-150.2296,3008.600039
2120,-0.031547,-150.4371,3010.600013
2121,-0.030267,-150.3957,3012.599983
2122,-0.031253,-150.3333,3014.600197
2123,-0.030069,-150.4079,3016.599933
2124,-0.030551,-150.4689,3018.600109
2125,-0.029772,-150.7773,3020.600049
2126,-0.030236,-150.9023,3022.600014
2127,-0.030055,-151.3445,3024.600036
2128,-0.030129,-151.1496,3026.600042
2129,-0.029577,-151.104,3028.600018
2130,-0.030133,-150.9335,3030.600072
2131,-0.030565,-151.0542,3032.599976
2132,-0.029424,-151.1082,3034.600049
2133,-0.031801,-150.9893,3036.599984
2134,-0.030088,-151.3685,3038.600061
2135,-0.029743,-151.8174,3040.599993
2136,-0.028755,-151.6622,3042.600008
2137,-0.029823,-152.1725,3044.600019
2138,-0.031215,-152.4679,3046.600007
2139,-0.029668,-152.8675,3048.600026
2140,-0.03084,-152.9597,3050.600093
2141,-0.030865,-152.5424,3052.600145
2142,-0.030612,-152.6472,3054.599939
2143,-0.030449,-152.3457,3056.600155
2144,-0.031006,-152.3237,3058.600057
2145,-0.031319,-152.7092,3060.600042
2146,-0.02939,-153.2556,3062.600022
2147,-0.029364,-153.2504,3064.59994
2148,-0.030571,-153.4634,3066.600182
2149,-0.028993,-153.4647,3068.600054
2150,-0.030168,-153.7993,3070.600136
2151,-0.030976,-153.7781,3072.600131
2152,-0.031211,-153.8668,3074.599996
2153,-0.031075,-153.9274,3076.599984
2154,-0.031302,-154.2477,3078.600004
2155,-0.03123,-154.4443,3080.600078
2156,-0.031138,-154.711,3082.60014
2157,-0.030859,-154.8545,3084.599996
2158,-0.031117,-154.7576,3086.600005
2159,-0.030987,-154.7343,3088.600092
2160,-0.031207,-154.511,3090.59996
2161,-0.030774,-154.3715,3092.599961
2162,-0.030592,-154.6305,3094.599985
2163,-0.029937,-155.0096,3096.59998
2164,-0.031295,-155.1706,3098.600095
2165,-0.030766,-155.2047,3100.600085
2166,-0.031186,-155.5473,3102.600137
2167,-0.030851,-155.7887,3104.600051
2168,-0.031797,-155.731,3106.600097
2169,-0.031234,-155.3787,3108.600246
2170,-0.031863,-155.378,3110.599988
2171,-0.031717,-155.3521,3112.600105
2172,-0.030329,-155.4622,3114.600086
2173,-0.031697,-155.5937,3116.60014
2174,-0.031702,-155.6618,3118.600055
2175,-0.030742,-156.0043,3120.600024
2176,-0.031064,-156.4579,3122.600091
2177,-0.0309,-156.9703,3124.600042
2178,-0.0318,-157.1022,3126.600015
2179,-0.031861,-156.9705,3128.600151
2180,-0.030996,-156.7946,3130.600148
2181,-0.031582,-156.8619,3132.599987
2182,-0.031393,-156.8389,3134.600044
2183,-0.032836,-156.9415,3136.60002
2184,-0.031485,-156.8792,3138.599965
2185,-0.031853,-156.6046,3140.599995
2186,-0.03188,-156.164,3142.599976
2187,-0.031757,-156.4256,3144.600096
2188,-0.031694,-156.3907,3146.600021
2189,-0.030921,-156.365,3148.600077
2190,-0.030858,-156.1562,3150.599974
2191,-0.030444,-156.4218,3152.599988
2192,-0.030836,-156.6121,3154.600005
2193,-0.030962,-156.5012,3156.600082
2194,-0.030595,-156.4515,3158.599987
2195,-0.030769,-156.6308,3160.600177
2196,-0.031789,-156.8668,3162.600077
2197,-0.031003,-157.0817,3164.599996
2198,-0.031977,-156.9933,3166.600102
2199,-0.032298,-156.725,3168.600037
2200,-0.030991,-157.2348,3170.600123
2201,-0.031423,-157.6291,3172.600093
2202,-0.031716,-157.9411,3174.600126
2203,-0.031131,-158.2152,3176.600013
2204,-0.031039,-158.4621,3178.600065
2205,-0.0325,-158.6542,3180.600004
2206,-0.032713,-158.6469,3182.600127
2207,-0.031532,-158.8197,3184.600223
2208,-0.031453,-159.0165,3186.600154
2209,-0.031426,-159.2784,3188.600003
2210,-0.032155,-159.7574,3190.600047
2211,-0.031449,-160.092,3192.599986
2212,-0.032943,-160.1881,3194.600136
2213,-0.031562,-160.1727,3196.6
2214,-0.031888,-160.2108,3198.599969
2215,-0.032419,-160.5876,3200.600067
2216,-0.033744,-160.6903,3202.599975
2217,-0.032471,-160.3675,3204.600201
2218,-0.031415,-160.9665,3206.600081
2219,-0.032336,-161.0933,3208.600008
2220,-0.03218,-161.1093,3210.600055
2221,-0.03157,-160.6477,3212.600067
2222,-0.032123,-160.2346,3214.600056
2223,-0.032217,-160.1156,3216.599997
2224,-0.032368,-160.0846,3218.60018
2225,-0.032995,-160.2592,3220.600152
2226,-0.033184,-160.4406,3222.60006
2227,-0.032682,-160.286,3224.599974
2228,-0.032527,-160.2293,3226.600028
2229,-0.033267,-160.4865,3228.600024
2230,-0.032228,-161.0255,3230.60011
2231,-0.033128,-161.3533,3232.600028
2232,-0.031893,-161.749,3234.600128
2233,-0.032271,-161.7029,3236.600048
2234,-0.032628,-161.5422,3238.600042
2235,-0.031552,-161.6753,3240.59999
2236,-0.032954,-161.8107,3242.600143
2237,-0.032448,-161.7582,3244.600012
2238,-0.032235,-162.1029,3246.600144
2239,-0.031786,-162.089,3248.600011
2240,-0.032654,-162.4459,3250.599994
2241,-0.033025,-162.6521,3252.6
2242,-0.034258,-162.7633,3254.600445
2243,-0.032324,-162.7173,3256.60009
2244,-0.032086,-163.0661,3258.599947
2245,-0.033553,-163.1616,3260.600209
2246,-0.032368,-163.379,3262.600009
2247,-0.033379,-163.6832,3264.600068
2248,-0.03266,-163.7189,3266.600001
2249,-0.033654,-163.6139,3268.600085
2250,-0.033331,-163.5143,3270.600229
2251,-0.032438,-163.4556,3272.599998
2252,-0.032946,-163.5497,3274.600004
2253,-0.034099,-163.8328,3276.599995
2254,-0.033474,-164.1957,3278.599975
2255,-0.032402,-164.4628,3280.600017
2256,-0.033699,-164.6035,3282.59997
2257,-0.033561,-164.694,3284.59998
2258,-0.033088,-164.9004,3286.599953
2259,-0.033701,-164.7025,3288.599968
2260,-0.031845,-165.2146,3290.60007
2261,-0.033466,-165.0664,3292.600077
2262,-0.033614,-165.1183,3294.599997
2263,-0.034043,-165.4213,3296.599976
2264,-0.0354284,-165.4403,3298.599964
2265,-0.034293,-165.5234,3300.600039
2266,-0.034345,-165.5842,3302.600002
2267,-0.03434,-165.6046,3304.600001
2268,-0.033195,-165.7152,3306.600022
2269,-0.0355116,-165.5024,3308.60002
2270,-0.034223,-165.6395,3310.600168
2271,-0.033285,-165.4489,3312.600008
2272,-0.032381,-165.7572,3314.599997
2273,-0.032668,-165.9234,3316.600057
2274,-0.034124,-166.1965,3318.600003
2275,-0.032399,-166.5985,3320.599981
2276,-0.0356927,-166.8295,3322.60008
2277,-0.033792,-166.9615,3324.599996
2278,-0.034678,-167.1776,3326.599973
2279,-0.034406,-167.0438,3328.600109
2280,-0.034838,-167.2761,3330.600155
2281,-0.033747,-167.3211,3332.600085
2282,-0.034363,-167.429,3334.600004
2283,-0.033562,-167.7824,3336.600104
2284,-0.033881,-167.8706,3338.600046
2285,-0.034095,-167.9116,3340.600008
2286,-0.034871,-168.1996,3342.599999
2287,-0.033871,-168.327,3344.600163
2288,-0.033379,-168.302,3346.599949
2289,-0.034257,-168.4693,3348.599973
2290,-0.034577,-168.5399,3350.600161
2291,-0.034063,-168.5979,3352.600028
2292,-0.034386,-168.9365,3354.600157
2293,-0.035025,-168.8889,3356.60003
2294,-0.035311,-168.7395,3358.600121
2295,-0.034163,-168.4753,3360.600024
2296,-0.033886,-168.5776,3362.600226
2297,-0.034337,-168.6658,3364.600104
2298,-0.034368,-168.5339,3366.599988
2299,-0.033422,-168.7117,3368.60006
2300,-0.033981,-168.8767,3370.600045
2301,-0.033342,-169.0576,3372.60018
2302,-0.033895,-169.1774,3374.600077
2303,-0.03332,-168.8986,3376.599994
2304,-0.033913,-168.7789,3378.599993
2305,-0.03341,-168.9795,3380.600107
2306,-0.034281,-169.3772,3382.600131
2307,-0.035311,-169.5389,3384.600076
2308,-0.034043,-169.827,3386.599967
2309,-0.034324,-170.1569,3388.600125
2310,-0.034924,-170.2425,3390.600032
2311,-0.033816,-170.3641,3392.60018
2312,-0.034386,-170.417,3394.600038
2313,-0.033515,-170.3533,3396.600039
2314,-0.034406,-170.4218,3398.600086
2315,-0.034429,-170.3599,3400.6
2316,-0.034836,-170.4617,3402.600007
2317,-0.034494,-170.9848,3404.600164
2318,-0.034488,-171.0617,3406.60014
2319,-0.034416,-171.1945,3408.600037
2320,-0.034124,-171.272,3410.599964
2321,-0.033811,-171.7616,3412.600076
2322,-0.0356906,-172.3087,3414.600106
2323,-0.0355813,-172.4393,3416.600109
2324,-0.035176,-172.6921,3418.600154
2325,-0.0346,-172.3339,3420.600018
2326,-0.03463,-172.6073,3422.600153
2327,-0.0360069,-172.6619,3424.600223
2328,-0.0355325,-172.6472,3426.600032
2329,-0.03458,-172.9984,3428.600085
2330,-0.035219,-172.9651,3430.600155
2331,-0.0365018,-173.0339,3432.600123
2332,-0.035139,-172.782,3434.60004
2333,-0.034478,-172.8207,3436.600039
2334,-0.034164,-172.6754,3438.600133
2335,-0.034427,-172.9482,3440.600007
2336,-0.033696,-173.2192,3442.600024
2337,-0.033879,-173.6246,3444.600103
2338,-0.034745,-173.4663,3446.600051
2339,-0.0367869,-173.6467,3448.600046
2340,-0.0353587,-173.665,3450.600116
2341,-0.0355034,-173.6935,3452.600044
2342,-0.034391,-173.5885,3454.60017
2343,-0.034345,-173.5857,3456.600188
2344,-0.0355161,-173.4206,3458.600052
2345,-0.0359123,-173.5737,3460.600123
2346,-0.034908,-173.6832,3462.600052
2347,-0.0359284,-173.6679,3464.600035
2348,-0.035172,-173.8489,3466.600231
2349,-0.035093,-173.9879,3468.600117
2350,-0.034989,-174.169,3470.600162
2351,-0.03461,-174.2495,3472.600153
2352,-0.034123,-174.1742,3474.600038
2353,-0.035244,-174.3785,3476.600138
2354,-0.035067,-174.6007,3478.600088
2355,-0.035027,-175.0546,3480.600008
2356,-0.034742,-175.0887,3482.599956
2357,-0.035111,-175.166,3484.600023
2358,-0.034787,-174.8987,3486.600085
2359,-0.034814,-175.0104,3488.600062
2360,-0.035278,-175.0267,3490.599945
2361,-0.0353597,-175.1706,3492.600027
2362,-0.035171,-175.5086,3494.6001
2363,-0.035088,-175.8607,3496.59997
2364,-0.035101,-176.0826,3498.600001
2365,-0.0357659,-176.3601,3500.600029
2366,-0.0356527,-176.3259,3502.600162
2367,-0.0358131,-176.4464,3504.60012
2368,-0.035983,-176.4842,3506.600005
2369,-0.034897,-176.4116,3508.600027
2370,-0.0357476,-176.4684,3510.600025
2371,-0.034831,-176.4287,3512.600016
2372,-0.03507,-176.709,3514.599999
2373,-0.0362273,-176.9962,3516.600137
2374,-0.033964,-177.3635,3518.600077
2375,-0.0357097,-177.5163,3520.60005
2376,-0.0375352,-177.5515,3522.600063
2377,-0.0381664,-177.2827,3524.600005
2378,-0.03521,-177.1575,3526.600045
2379,-0.035273,-177.0881,3528.600046
2380,-0.0355506,-177.49,3530.599981
2381,-0.035169,-177.6982,3532.600099
2382,-0.035518,-177.9786,3534.600012
2383,-0.0353656,-178.4068,3536.600031
2384,-0.0358075,-178.6233,3538.600025
2385,-0.0360446,-178.6223,3540.600038
2386,-0.0354423,-178.5614,3542.600046
2387,-0.0364256,-178.5715,3544.600144
2388,-0.0359239,-178.5586,3546.600032
2389,-0.0357343,-179.0448,3548.600015
2390,-0.0365446,-179.1553,3550.600076
2391,-0.0359315,-179.7431,3552.600146
2392,-0.0356145,-179.6162,3554.60008
2393,-0.0372274,-179.9355,3556.600098
2394,-0.0366177,-179.7753,3558.600149
2395,-0.0364599,-179.6221,3560.600061
2396,-0.0363082,-179.7799,3562.600011
2397,-0.035302,-179.7915,3564.600033
2398,-0.0358626,-180.0604,3566.600035
2399,-0.0366613,-180.4972,3568.600105
2400,-0.0366708,-181.1806,3570.600025
2401,-0.0369682,-181.1762,3572.60005
2402,-0.0356314,-181.3308,3574.600022
2403,-0.0355616,-181.3282,3576.599997
2404,-0.0369647,-181.6502,3578.599988
2405,-0.0366165,-181.544,3580.600122
2406,-0.035115,-181.1791,3582.599993
2407,-0.0374824,-181.3174,3584.60002
2408,-0.0366459,-181.6508,3586.600042
2409,-0.0372525,-181.8661,3588.600048
2410,-0.0360539,-182.2603,3590.600072
2411,-0.0362459,-182.0819,3592.599998
2412,-0.036894,-182.0996,3594.600041
2413,-0.03768,-182.0347,3596.600042
2414,-0.0380863,-182.0683,3598.600147
2415,-0.0364738,-181.7818,3600.600073
2416,-0.0369743,-181.8197,3602.60006
2417,-0.0373983,-181.7398,3604.600113
2418,-0.0359421,-181.8505,3606.599993
2419,-0.0363851,-181.9542,3608.600062
2420,-0.0375629,-181.9085,3610.600043
2421,-0.0364596,-181.7407,3612.60005
2422,-0.0372702,-181.7951,3614.600046
2423,-0.036887,-181.7834,3616.600017
2424,-0.0370773,-182.0214,3618.60021
2425,-0.038171,-182.3762,3620.60004
2426,-0.0369606,-182.45,3622.600041
2427,-0.0373971,-182.6289,3624.600002
2428,-0.0369947,-182.7327,3626.60013
2429,-0.0378891,-182.9798,3628.600036
2430,-0.0382017,-183.2108,3630.600001
2431,-0.0374004,-183.2477,3632.600024
2432,-0.0377577,-183.2686,3634.599981
2433,-0.0379563,-183.3387,3636.600053
2434,-0.0385768,-183.2643,3638.600035
2435,-0.0377801,-183.4384,3640.600155
2436,-0.0375237,-183.4921,3642.600181
2437,-0.0384271,-183.9002,3644.60008
2438,-0.0373389,-183.5202,3646.600018
2439,-0.0372726,-183.0961,3648.600181
2440,-0.0371184,-182.5973,3650.600171
2441,-0.0395939,-182.2852,3652.600061
2442,-0.036909,-182.3165,3654.600019
2443,-0.0377451,-182.4114,3656.600042
2444,-0.0379683,-182.7365,3658.600165
2445,-0.0370018,-182.8732,3660.6001
2446,-0.0377542,-182.9327,3662.599997
2447,-0.0368284,-183.0596,3664.600037
2448,-0.0376333,-183.5333,3666.599974
2449,-0.0380167,-183.7415,3668.600058
2450,-0.0371109,-183.8528,3670.600075
2451,-0.0376393,-184.1607,3672.600154
2452,-0.0378382,-184.2925,3674.600126
2453,-0.0379579,-184.7445,3676.600076
2454,-0.038115,-184.7969,3678.600261
2455,-0.0383567,-184.8507,3680.600058
2456,-0.0378417,-184.8573,3682.599975
2457,-0.0371027,-185.2554,3684.600157
2458,-0.0383433,-185.209,3686.600092
2459,-0.0381052,-184.9589,3688.59998
2460,-0.0376373,-185.2082,3690.600005
2461,-0.0385696,-185.3237,3692.599995
2462,-0.0383506,-185.5978,3694.600022
2463,-0.0377364,-186.0149,3696.600148
2464,-0.0378188,-185.6783,3698.600111
2465,-0.0380402,-185.9076,3700.600103
2466,-0.0384864,-185.9824,3702.600076
2467,-0.0386538,-186.0805,3704.600232
2468,-0.0379527,-185.7138,3706.600199
2469,-0.0380778,-185.8701,3708.600076
2470,-0.0385743,-186.2276,3710.600102
2471,-0.0385484,-186.4158,3712.600042
2472,-0.0381856,-186.4349,3714.600038
2473,-0.0394491,-186.665,3716.600031
2474,-0.0373215,-186.7978,3718.600085
2475,-0.0383251,-186.5647,3720.600196
2476,-0.0387567,-186.5018,3722.600039
2477,-0.0374793,-186.575,3724.600114
2478,-0.0385802,-186.7613,3726.600106
2479,-0.0390676,-186.6072,3728.600003
2480,-0.0382755,-186.8101,3730.599991
2481,-0.0393077,-186.9497,3732.600074
2482,-0.0391624,-186.9879,3734.600176
2483,-0.0386261,-186.9948,3736.600055
2484,-0.0389818,-187.329,3738.600081
2485,-0.0391782,-187.3641,3740.600166
2486,-0.0385869,-187.8242,3742.600053
2487,-0.0390652,-187.7612,3744.599968
2488,-0.0384708,-187.9263,3746.599951
2489,-0.0392639,-187.8941,3748.600101
2490,-0.0401864,-188.1337,3750.600118
2491,-0.0398472,-188.2359,3752.600078
2492,-0.0395723,-188.1845,3754.600141
2493,-0.0387901,-188.1801,3756.600094
2494,-0.0386239,-188.1946,3758.600156
2495,-0.0395738,-188.4948,3760.600077
2496,-0.0391246,-188.6437,3762.600002
2497,-0.0392211,-188.5341,3764.600157
2498,-0.0387126,-188.5341,3766.600104
2499,-0.0396698,-188.6359,3768.600088
2500,-0.0399284,-189.0238,3770.599998
2501,-0.0389645,-189.236,3772.6
2502,-0.0391021,-189.1712,3774.600075
2503,-0.0398819,-189.7868,3776.600172
2504,-0.0403603,-189.902,3778.600092
2505,-0.0401163,-190.0068,3780.600115
2506,-0.0391195,-189.9687,3782.599991
2507,-0.0390569,-190.1803,3784.600317
2508,-0.0376303,-190.582,3786.600017
2509,-0.0392088,-190.6494,3788.60014
2510,-0.0388328,-190.3125,3790.600046
2511,-0.0392455,-190.6842,3792.600042
2512,-0.0396414,-190.7411,3794.600026
2513,-0.0395186,-190.4939,3796.600137
2514,-0.0410331,-190.4553,3798.600151
2515,-0.0399863,-190.3267,3800.600092
2516,-0.0415567,-190.3382,3802.600073
2517,-0.0397122,-190.6275,3804.600151
2518,-0.0384414,-190.6789,3806.600068
2519,-0.039526,-190.3638,3808.600045
2520,-0.0394236,-190.0247,3810.600073
2521,-0.039338,-189.8066,3812.600158
2522,-0.0394194,-189.339,3814.600095
2523,-0.0400164,-189.666,3816.6001
2524,-0.0382259,-189.7138,3818.600086
2525,-0.0397467,-189.7363,3820.600097
2526,-0.0396553,-189.5384,3822.60009
2527,-0.0398475,-189.7811,3824.600112
2528,-0.0399734,-190.0465,3826.600009
2529,-0.0395396,-189.9723,3828.600099
2530,-0.0387793,-189.7776,3830.600192
2531,-0.0406774,-189.8452,3832.600128
2532,-0.0393551,-189.9871,3834.600071
2533,-0.0400467,-190.0969,3836.600062
2534,-0.0409254,-190.1847,3838.600222
2535,-0.0394148,-190.6587,3840.600114
2536,-0.0401388,-191.2726,3842.599964
2537,-0.0408421,-191.6211,3844.600012
2538,-0.0405796,-191.8719,3846.600118
2539,-0.0394063,-191.8361,3848.600058
2540,-0.0396395,-191.8533,3850.600065
2541,-0.0402271,-191.9979,3852.599995
2542,-0.0386163,-192.2895,3854.600107
2543,-0.039653,-192.6024,3856.600106
2544,-0.0407995,-192.6534,3858.600172
2545,-0.0395314,-193.111,3860.600152
2546,-0.0387205,-193.2486,3862.600161
2547,-0.0414932,-193.3369,3864.600021
2548,-0.0392542,-193.3649,3866.600184
2549,-0.0409298,-193.7287,3868.600243
2550,-0.041586,-193.7828,3870.600074
2551,-0.0399815,-194.0831,3872.600082
2552,-0.0404446,-194.2866,3874.60015
2553,-0.0383617,-194.5183,3876.600164
2554,-0.0407156,-194.5444,3878.60001
2555,-0.0401604,-194.4542,3880.600145
2556,-0.0402717,-194.6473,3882.600103
2557,-0.0408202,-194.5918,3884.600199
2558,-0.0398812,-194.7942,3886.600098
2559,-0.0411616,-194.9903,3888.600045
2560,-0.0417993,-195.3476,3890.600168
2561,-0.0408542,-195.4299,3892.600072
2562,-0.0416204,-195.69,3894.600106
2563,-0.039231,-195.9119,3896.60005
2564,-0.0408683,-196.1673,3898.600035
2565,-0.0409787,-195.8387,3900.600065
2566,-0.040072,-195.8187,3902.600026
2567,-0.0396953,-196.0014,3904.600019
2568,-0.0414579,-196.2878,3906.600153
2569,-0.0405128,-196.3381,3908.600142
2570,-0.0414351,-196.6873,3910.600147
2571,-0.0403873,-197.5322,3912.59997
2572,-0.040861,-198.0596,3914.60033
2573,-0.0413891,-198.0123,3916.600197
2574,-0.0438381,-198.1875,3918.600141
2575,-0.0395337,-198.2209,3920.600085
2576,-0.0414586,-198.5341,3922.600116
2577,-0.0414845,-198.4435,3924.600088
2578,-0.0415913,-198.2276,3926.600135
2579,-0.0410391,-198.3412,3928.600094
2580,-0.0413986,-198.4069,3930.600077
2581,-0.0418345,-198.3142,3932.600028
2582,-0.0415245,-198.3365,3934.600121
2583,-0.0415208,-198.1888,3936.600075
2584,-0.0410708,-197.9567,3938.599996
2585,-0.0415178,-197.9673,3940.600164
2586,-0.04101,-197.8121,3942.600124
2587,-0.0414196,-198.315,3944.600051
2588,-0.0403443,-198.5665,3946.600059
2589,-0.0413263,-198.65,3948.600055
2590,-0.0405645,-198.8407,3950.6001
2591,-0.0413547,-198.9546,3952.600004
2592,-0.0409358,-199.0392,3954.60011
2593,-0.0399213,-199.0388,3956.599982
2594,-0.0415239,-199.0237,3958.600035
2595,-0.0406152,-199.1839,3960.600074
2596,-0.0407423,-199.1766,3962.600107
2597,-0.0416073,-199.0176,3964.599961
2598,-0.0413046,-198.9666,3966.600054
2599,-0.0406011,-199.3012,3968.600019
2600,-0.0431305,-199.3412,3970.600062
2601,-0.0405488,-199.4836,3972.600092
2602,-0.0420792,-199.3754,3974.600134
2603,-0.0410055,-199.1844,3976.600144
2604,-0.0405831,-199.0318,3978.600001
2605,-0.0410698,-199.6145,3980.600087
2606,-0.0407751,-200.2542,3982.600047
2607,-0.0413308,-200.3946,3984.600143
2608,-0.0422245,-200.8069,3986.600144
2609,-0.0413355,-200.9215,3988.600125
2610,-0.0413675,-200.9196,3990.600243
2611,-0.0411753,-201.0816,3992.6001
2612,-0.0413493,-201.1188,3994.600141
2613,-0.0417972,-200.9441,3996.600078
2614,-0.0423521,-200.6722,3998.600098
2615,-0.0421047,-200.7659,4000.60012
2616,-0.0421103,-200.6964,4002.6002
2617,-0.0417855,-200.9165,4004.600098
2618,-0.0419736,-201.2828,4006.600048
2619,-0.0430992,-201.0543,4008.600174
2620,-0.0420882,-200.9835,4010.599994
2621,-0.0432839,-200.6416,4012.600258
2622,-0.0423545,-200.9732,4014.600096
2623,-0.041522,-201.1639,4016.600071
2624,-0.040646,-201.2728,4018.600022
2625,-0.0442156,-201.2545,4020.600064
2626,-0.0441294,-201.1922,4022.599996
2627,-0.0421423,-201.2023,4024.599966
2628,-0.0408137,-201.3865,4026.60001
2629,-0.041055,-201.3999,4028.600013
2630,-0.0419623,-201.0597,4030.600061
2631,-0.0418258,-200.9359,4032.600043
2632,-0.0423868,-200.9833,4034.600189
2633,-0.040945,-201.5499,4036.600163
2634,-0.0427849,-201.8712,4038.600117
2635,-0.042502,-202.4011,4040.60005
2636,-0.0421137,-202.5995,4042.600084
2637,-0.0398453,-202.7068,4044.600033
2638,-0.0409101,-203.0944,4046.600083
2639,-0.0416929,-203.1189,4048.600021
2640,-0.041582,-203.3068,4050.599985
2641,-0.0409881,-203.2722,4052.600224
2642,-0.0406993,-203.4257,4054.600041
2643,-0.0440562,-204.0341,4056.600056
2644,-0.0416026,-204.0928,4058.6
2645,-0.0416217,-203.9501,4060.600079
2646,-0.0428847,-204.1061,4062.600024
2647,-0.0418242,-204.1729,4064.600129
2648,-0.0420067,-204.2934,4066.600131
2649,-0.0415006,-204.551,4068.600013
2650,-0.0435385,-204.8395,4070.599957
2651,-0.0430702,-205.0243,4072.600033
2652,-0.0424782,-205.4699,4074.60009
2653,-0.0424916,-205.5754,4076.600071
2654,-0.0427268,-205.8223,4078.600056
2655,-0.0434978,-205.7202,4080.600153
2656,-0.0429747,-205.628,4082.600168
2657,-0.041879,-205.4439,4084.600035
2658,-0.041989,-205.466,4086.600289
2659,-0.0438611,-205.4073,4088.600042
2660,-0.0434005,-205.5753,4090.600063
2661,-0.0437127,-205.8482,4092.600048
2662,-0.0426696,-205.5944,4094.600212
2663,-0.042663,-205.7041,4096.600021
2664,-0.0431253,-205.5551,4098.600086
2665,-0.0428077,-205.5414,4100.600072
2666,-0.0427525,-204.9068,4102.600131
2667,-0.0428719,-204.814,4104.600064
2668,-0.042796,-205.2619,4106.600028
2669,-0.0435196,-205.124,4108.600024
2670,-0.0425559,-205.6557,4110.600328
2671,-0.0431543,-205.6295,4112.600069
2672,-0.042831,-205.8944,4114.600168
2673,-0.0430639,-206.0793,4116.600128
2674,-0.0421267,-206.3299,4118.600141
2675,-0.0434374,-206.1944,4120.600001
2676,-0.0430974,-206.2834,4122.600056
2677,-0.0430442,-206.4854,4124.600147
2678,-0.042298,-206.8322,4126.599962
2679,-0.0434447,-206.9082,4128.600007
2680,-0.0439386,-207.0498,4130.600056
2681,-0.0432916,-207.407,4132.600036
2682,-0.0431433,-207.4037,4134.600052
2683,-0.0431678,-207.1486,4136.60004
2684,-0.0444551,-206.8814,4138.600054
2685,-0.0426807,-206.7141,4140.600005
2686,-0.0440469,-206.5046,4142.600017
2687,-0.0431782,-206.5609,4144.600034
2688,-0.0425897,-206.7431,4146.600094
2689,-0.0428825,-207.0381,4148.600161
2690,-0.0436511,-207.1423,4150.600082
2691,-0.0441131,-206.9645,4152.599984
2692,-0.0423123,-207.3688,4154.600137
2693,-0.0433263,-207.105,4156.599971
2694,-0.0450719,-207.4181,4158.600116
2695,-0.0438023,-207.7975,4160.599978
2696,-0.0440811,-207.9164,4162.600244
2697,-0.0430486,-208.0537,4164.600061
2698,-0.0436036,-208.3716,4166.600215
2699,-0.0429708,-208.3415,4168.600022
2700,-0.0428042,-208.458,4170.600215
2701,-0.0439344,-208.1965,4172.600222
2702,-0.0440576,-208.1617,4174.600068
2703,-0.0448531,-208.2219,4176.60006
2704,-0.0435548,-208.3565,4178.600087
2705,-0.0441785,-208.6561,4180.600171
2706,-0.0439876,-208.9481,4182.599985
2707,-0.0444611,-209.1919,4184.600092
2708,-0.0437635,-209.4476,4186.6001
2709,-0.0451297,-209.5644,4188.600157
2710,-0.043872,-209.217,4190.600059
2711,-0.043189,-209.0467,4192.600049
2712,-0.04366,-209.0434,4194.600055
2713,-0.0433292,-208.89,4196.600011
2714,-0.0438286,-208.7262,4198.6001
2715,-0.0416661,-208.8994,4200.60014
2716,-0.0449483,-208.935,4202.600006
2717,-0.0445502,-209.1525,4204.600089
2718,-0.0443735,-208.9585,4206.600059
2719,-0.0449903,-209.1174,4208.600129
2720,-0.0435952,-209.3714,4210.600044
2721,-0.0442625,-209.6579,4212.59996
2722,-0.0460734,-209.6988,4214.600046
2723,-0.0438815,-209.7948,4216.600087
2724,-0.0437361,-209.5866,4218.60011
2725,-0.0429662,-210.0258,4220.599996
2726,-0.0437187,-210.2831,4222.599965
2727,-0.0444635,-210.5422,4224.600043
2728,-0.044103,-210.7765,4226.600031
2729,-0.0444837,-210.832,4228.600019
2730,-0.0442645,-210.8036,4230.600099
2731,-0.0456523,-210.6277,4232.600097
2732,-0.0452416,-210.3448,4234.60012
2733,-0.0443421,-210.4722,4236.600063
2734,-0.0441273,-210.5483,4238.600133
2735,-0.0446585,-210.6088,4240.600069
2736,-0.0435137,-210.4397,4242.599996
2737,-0.0440992,-210.479,4244.600027
2738,-0.0444773,-210.2661,4246.599984
2739,-0.0443499,-210.076,4248.600131
2740,-0.0453686,-210.177,4250.60001
2741,-0.0447455,-210.424,4252.600059
2742,-0.0444566,-210.6185,4254.600008
2743,-0.0447406,-210.7857,4256.600073
2744,-0.044116,-211.0807,4258.600082
2745,-0.044834,-211.0436,4260.600189
2746,-0.0450967,-211.2648,4262.600128
2747,-0.0449722,-211.6925,4264.600002
2748,-0.0446666,-211.1904,4266.600187
2749,-0.0448903,-211.2947,4268.600102
2750,-0.0452366,-211.3511,4270.60009
2751,-0.0447136,-211.573,4272.600057
2752,-0.0446253,-211.9164,4274.600167
2753,-0.0443355,-212.1455,4276.600116
2754,-0.0454233,-211.8678,4278.600033
2755,-0.0450396,-211.6785,4280.600068
2756,-0.0446515,-211.6599,4282.600183
